mlbam_id,player_name,team,season,vs_rhp_pa,vs_rhp_so,vs_rhp_k_pct,vs_lhp_pa,vs_lhp_so,vs_lhp_k_pct,overall_pa,overall_so,overall_k_pct,source,source_timestamp,refresh_status
682928,"Abrams, CJ",,2026,,,,,,,,,,BASEBALL_SAVANT_CURRENT_SEASON,2026-08-23T06:30:04+00:00,CURRENT
677800,"Abreu, Wilyer",,2026,,,,,,,,,,BASEBALL_SAVANT_CURRENT_SEASON,2026-08-23T06:30:04+00:00,CURRENT
660670,"Acuña Jr., Ronald",,2026,,,,,,,,,,BASEBALL_SAVANT_CURRENT_SEASON,2026-08-23T06:30:04+00:00,CURRENT
682668,"Acuña, Luisangel",,2026,,,,,,,,,,BASEBALL_SAVANT_CURRENT_SEASON,2026-08-23T06:30:04+00:00,CURRENT
642715,"Adames, Willy",,2026,,,,,,,,,,BASEBALL_SAVANT_CURRENT_SEASON,2026-08-23T06:30:04+00:00,CURRENT
666176,"Adell, Jo",,2026,,,,,,,,,,BASEBALL_SAVANT_CURRENT_SEASON,2026-08-23T06:30:04+00:00,CURRENT
645277,"Albies, Ozzie",,2026,,,,,,,,,,BASEBALL_SAVANT_CURRENT_SEASON,2026-08-23T06:30:04+00:00,CURRENT
682634,"Alcántara, Kevin",,2026,,,,,,,,,,BASEBALL_SAVANT_CURRENT_SEASON,2026-08-23T06:30:04+00:00,CURRENT
677942,"Alexander, Blaze",,2026,,,,,,,,,,BASEBALL_SAVANT_CURRENT_SEASON,2026-08-23T06:30:04+00:00,CURRENT
672613,"Alfonzo, Eliezer",,2026,,,,,,,,,,BASEBALL_SAVANT_CURRENT_SEASON,2026-08-23T06:30:04+00:00,CURRENT
669397,"Allen, Nick",,2026,,,,,,,,,,BASEBALL_SAVANT_CURRENT_SEASON,2026-08-23T06:30:04+00:00,CURRENT
624413,"Alonso, Pete",,2026,,,,,,,,,,BASEBALL_SAVANT_CURRENT_SEASON,2026-08-23T06:30:04+00:00,CURRENT
514888,"Altuve, Jose",,2026,,,,,,,,,,BASEBALL_SAVANT_CURRENT_SEASON,2026-08-23T06:30:04+00:00,CURRENT
682626,"Alvarez, Francisco",,2026,,,,,,,,,,BASEBALL_SAVANT_CURRENT_SEASON,2026-08-23T06:30:04+00:00,CURRENT
670541,"Alvarez, Yordan",,2026,,,,,,,,,,BASEBALL_SAVANT_CURRENT_SEASON,2026-08-23T06:30:04+00:00,CURRENT
691182,"Amador, Adael",,2026,,,,,,,,,,BASEBALL_SAVANT_CURRENT_SEASON,2026-08-23T06:30:04+00:00,CURRENT
665804,"Amaya, Miguel",,2026,,,,,,,,,,BASEBALL_SAVANT_CURRENT_SEASON,2026-08-23T06:30:04+00:00,CURRENT
609280,"Andujar, Miguel",,2026,,,,,,,,,,BASEBALL_SAVANT_CURRENT_SEASON,2026-08-23T06:30:04+00:00,CURRENT
701350,"Anthony, Roman",,2026,,,,,,,,,,BASEBALL_SAVANT_CURRENT_SEASON,2026-08-23T06:30:04+00:00,CURRENT
803011,"Antonacci, Sam",,2026,,,,,,,,,,BASEBALL_SAVANT_CURRENT_SEASON,2026-08-23T06:30:04+00:00,CURRENT
666018,"Aranda, Jonathan",,2026,,,,,,,,,,BASEBALL_SAVANT_CURRENT_SEASON,2026-08-23T06:30:04+00:00,CURRENT
606115,"Arcia, Orlando",,2026,,,,,,,,,,BASEBALL_SAVANT_CURRENT_SEASON,2026-08-23T06:30:04+00:00,CURRENT
571448,"Arenado, Nolan",,2026,,,,,,,,,,BASEBALL_SAVANT_CURRENT_SEASON,2026-08-23T06:30:04+00:00,CURRENT
672356,"Arias, Gabriel",,2026,,,,,,,,,,BASEBALL_SAVANT_CURRENT_SEASON,2026-08-23T06:30:04+00:00,CURRENT
668227,"Arozarena, Randy",,2026,,,,,,,,,,BASEBALL_SAVANT_CURRENT_SEASON,2026-08-23T06:30:04+00:00,CURRENT
650333,"Arraez, Luis",,2026,,,,,,,,,,BASEBALL_SAVANT_CURRENT_SEASON,2026-08-23T06:30:04+00:00,CURRENT
695490,"Arroyo, Edwin",,2026,,,,,,,,,,BASEBALL_SAVANT_CURRENT_SEASON,2026-08-23T06:30:04+00:00,CURRENT
640492,"Azócar, José",,2026,,,,,,,,,,BASEBALL_SAVANT_CURRENT_SEASON,2026-08-23T06:30:04+00:00,CURRENT
664056,"Bader, Harrison",,2026,,,,,,,,,,BASEBALL_SAVANT_CURRENT_SEASON,2026-08-23T06:30:04+00:00,CURRENT
678225,"Bae, Jihwan",,2026,,,,,,,,,,BASEBALL_SAVANT_CURRENT_SEASON,2026-08-23T06:30:04+00:00,CURRENT
672275,"Bailey, Patrick",,2026,,,,,,,,,,BASEBALL_SAVANT_CURRENT_SEASON,2026-08-23T06:30:04+00:00,CURRENT
663609,"Baker, Luken",,2026,,,,,,,,,,BASEBALL_SAVANT_CURRENT_SEASON,2026-08-23T06:30:04+00:00,CURRENT
686948,"Baldwin, Drake",,2026,,,,,,,,,,BASEBALL_SAVANT_CURRENT_SEASON,2026-08-23T06:30:04+00:00,CURRENT
694208,"Ballesteros, Moisés",,2026,,,,,,,,,,BASEBALL_SAVANT_CURRENT_SEASON,2026-08-23T06:30:04+00:00,CURRENT
677943,"Banfield, Will",,2026,,,,,,,,,,BASEBALL_SAVANT_CURRENT_SEASON,2026-08-23T06:30:04+00:00,CURRENT
680718,"Barger, Addison",,2026,,,,,,,,,,BASEBALL_SAVANT_CURRENT_SEASON,2026-08-23T06:30:04+00:00,CURRENT
678489,"Barrosa, Jorge",,2026,,,,,,,,,,BASEBALL_SAVANT_CURRENT_SEASON,2026-08-23T06:30:04+00:00,CURRENT
663698,"Bart, Joey",,2026,,,,,,,,,,BASEBALL_SAVANT_CURRENT_SEASON,2026-08-23T06:30:04+00:00,CURRENT
678545,"Basabe, Osleivis",,2026,,,,,,,,,,BASEBALL_SAVANT_CURRENT_SEASON,2026-08-23T06:30:04+00:00,CURRENT
694212,"Basallo, Samuel",,2026,,,,,,,,,,BASEBALL_SAVANT_CURRENT_SEASON,2026-08-23T06:30:04+00:00,CURRENT
703520,"Bateman, Brett",,2026,,,,,,,,,,BASEBALL_SAVANT_CURRENT_SEASON,2026-08-23T06:30:04+00:00,CURRENT
683146,"Baty, Brett",,2026,,,,,,,,,,BASEBALL_SAVANT_CURRENT_SEASON,2026-08-23T06:30:04+00:00,CURRENT
641343,"Bauers, Jake",,2026,,,,,,,,,,BASEBALL_SAVANT_CURRENT_SEASON,2026-08-23T06:30:04+00:00,CURRENT
683953,"Bazzana, Travis",,2026,,,,,,,,,,BASEBALL_SAVANT_CURRENT_SEASON,2026-08-23T06:30:04+00:00,CURRENT
687637,"Beavers, Dylan",,2026,,,,,,,,,,BASEBALL_SAVANT_CURRENT_SEASON,2026-08-23T06:30:04+00:00,CURRENT
687597,"Beck, Jordan",,2026,,,,,,,,,,BASEBALL_SAVANT_CURRENT_SEASON,2026-08-23T06:30:04+00:00,CURRENT
605137,"Bell, Josh",,2026,,,,,,,,,,BASEBALL_SAVANT_CURRENT_SEASON,2026-08-23T06:30:04+00:00,CURRENT
641355,"Bellinger, Cody",,2026,,,,,,,,,,BASEBALL_SAVANT_CURRENT_SEASON,2026-08-23T06:30:04+00:00,CURRENT
701807,"Benge, Carson",,2026,,,,,,,,,,BASEBALL_SAVANT_CURRENT_SEASON,2026-08-23T06:30:04+00:00,CURRENT
643217,"Benintendi, Andrew",,2026,,,,,,,,,,BASEBALL_SAVANT_CURRENT_SEASON,2026-08-23T06:30:04+00:00,CURRENT
666181,"Benson, Will",,2026,,,,,,,,,,BASEBALL_SAVANT_CURRENT_SEASON,2026-08-23T06:30:04+00:00,CURRENT
682674,"Bericoto, Victor",,2026,,,,,,,,,,BASEBALL_SAVANT_CURRENT_SEASON,2026-08-23T06:30:04+00:00,CURRENT
672642,"Berroa, Steward",,2026,,,,,,,,,,BASEBALL_SAVANT_CURRENT_SEASON,2026-08-23T06:30:04+00:00,CURRENT
605141,"Betts, Mookie",,2026,,,,,,,,,,BASEBALL_SAVANT_CURRENT_SEASON,2026-08-23T06:30:04+00:00,CURRENT
666182,"Bichette, Bo",,2026,,,,,,,,,,BASEBALL_SAVANT_CURRENT_SEASON,2026-08-23T06:30:04+00:00,CURRENT
672012,"Black, Tyler",,2026,,,,,,,,,,BASEBALL_SAVANT_CURRENT_SEASON,2026-08-23T06:30:04+00:00,CURRENT
668709,"Bleday, JJ",,2026,,,,,,,,,,BASEBALL_SAVANT_CURRENT_SEASON,2026-08-23T06:30:04+00:00,CURRENT
669208,"Bliss, Ryan",,2026,,,,,,,,,,BASEBALL_SAVANT_CURRENT_SEASON,2026-08-23T06:30:04+00:00,CURRENT
593428,"Bogaerts, Xander",,2026,,,,,,,,,,BASEBALL_SAVANT_CURRENT_SEASON,2026-08-23T06:30:04+00:00,CURRENT
664761,"Bohm, Alec",,2026,,,,,,,,,,BASEBALL_SAVANT_CURRENT_SEASON,2026-08-23T06:30:04+00:00,CURRENT
703607,"Bolte, Henry",,2026,,,,,,,,,,BASEBALL_SAVANT_CURRENT_SEASON,2026-08-23T06:30:04+00:00,CURRENT
687749,"Bowen, Jase",,2026,,,,,,,,,,BASEBALL_SAVANT_CURRENT_SEASON,2026-08-23T06:30:04+00:00,CURRENT
687394,"Brannigan, Jack",,2026,,,,,,,,,,BASEBALL_SAVANT_CURRENT_SEASON,2026-08-23T06:30:04+00:00,CURRENT
608324,"Bregman, Alex",,2026,,,,,,,,,,BASEBALL_SAVANT_CURRENT_SEASON,2026-08-23T06:30:04+00:00,CURRENT
686823,"Brennan, Will",,2026,,,,,,,,,,BASEBALL_SAVANT_CURRENT_SEASON,2026-08-23T06:30:04+00:00,CURRENT
681146,"Bride, Jonah",,2026,,,,,,,,,,BASEBALL_SAVANT_CURRENT_SEASON,2026-08-23T06:30:04+00:00,CURRENT
682877,"Brito, Juan",,2026,,,,,,,,,,BASEBALL_SAVANT_CURRENT_SEASON,2026-08-23T06:30:04+00:00,CURRENT
660644,"Bruján, Vidal",,2026,,,,,,,,,,BASEBALL_SAVANT_CURRENT_SEASON,2026-08-23T06:30:04+00:00,CURRENT
669394,"Burger, Jake",,2026,,,,,,,,,,BASEBALL_SAVANT_CURRENT_SEASON,2026-08-23T06:30:04+00:00,CURRENT
676475,"Burleson, Alec",,2026,,,,,,,,,,BASEBALL_SAVANT_CURRENT_SEASON,2026-08-23T06:30:04+00:00,CURRENT
683737,"Busch, Michael",,2026,,,,,,,,,,BASEBALL_SAVANT_CURRENT_SEASON,2026-08-23T06:30:04+00:00,CURRENT
671732,"Butler, Lawrence",,2026,,,,,,,,,,BASEBALL_SAVANT_CURRENT_SEASON,2026-08-23T06:30:04+00:00,CURRENT
621439,"Buxton, Byron",,2026,,,,,,,,,,BASEBALL_SAVANT_CURRENT_SEASON,2026-08-23T06:30:04+00:00,CURRENT
595879,"Báez, Javier",,2026,,,,,,,,,,BASEBALL_SAVANT_CURRENT_SEASON,2026-08-23T06:30:04+00:00,CURRENT
695491,"Báez, Joshua",,2026,,,,,,,,,,BASEBALL_SAVANT_CURRENT_SEASON,2026-08-23T06:30:04+00:00,CURRENT
676609,"Caballero, José",,2026,,,,,,,,,,BASEBALL_SAVANT_CURRENT_SEASON,2026-08-23T06:30:04+00:00,CURRENT
665828,"Cabrera, Oswaldo",,2026,,,,,,,,,,BASEBALL_SAVANT_CURRENT_SEASON,2026-08-23T06:30:04+00:00,CURRENT
695506,"Caglianone, Jac",,2026,,,,,,,,,,BASEBALL_SAVANT_CURRENT_SEASON,2026-08-23T06:30:04+00:00,CURRENT
683357,"Caissie, Owen",,2026,,,,,,,,,,BASEBALL_SAVANT_CURRENT_SEASON,2026-08-23T06:30:04+00:00,CURRENT
669743,"Call, Alex",,2026,,,,,,,,,,BASEBALL_SAVANT_CURRENT_SEASON,2026-08-23T06:30:04+00:00,CURRENT
814430,"Callahan, Brett",,2026,,,,,,,,,,BASEBALL_SAVANT_CURRENT_SEASON,2026-08-23T06:30:04+00:00,CURRENT
682997,"Callihan, Tyler",,2026,,,,,,,,,,BASEBALL_SAVANT_CURRENT_SEASON,2026-08-23T06:30:04+00:00,CURRENT
665856,"Camargo, Jair",,2026,,,,,,,,,,BASEBALL_SAVANT_CURRENT_SEASON,2026-08-23T06:30:04+00:00,CURRENT
663662,"Cameron, Daz",,2026,,,,,,,,,,BASEBALL_SAVANT_CURRENT_SEASON,2026-08-23T06:30:04+00:00,CURRENT
691406,"Caminero, Junior",,2026,,,,,,,,,,BASEBALL_SAVANT_CURRENT_SEASON,2026-08-23T06:30:04+00:00,CURRENT
669134,"Campusano, Luis",,2026,,,,,,,,,,BASEBALL_SAVANT_CURRENT_SEASON,2026-08-23T06:30:04+00:00,CURRENT
600869,"Candelario, Jeimer",,2026,,,,,,,,,,BASEBALL_SAVANT_CURRENT_SEASON,2026-08-23T06:30:04+00:00,CURRENT
686527,"Canzone, Dominic",,2026,,,,,,,,,,BASEBALL_SAVANT_CURRENT_SEASON,2026-08-23T06:30:04+00:00,CURRENT
605170,"Caratini, Victor",,2026,,,,,,,,,,BASEBALL_SAVANT_CURRENT_SEASON,2026-08-23T06:30:04+00:00,CURRENT
666185,"Carlson, Dylan",,2026,,,,,,,,,,BASEBALL_SAVANT_CURRENT_SEASON,2026-08-23T06:30:04+00:00,CURRENT
681481,"Carpenter, Kerry",,2026,,,,,,,,,,BASEBALL_SAVANT_CURRENT_SEASON,2026-08-23T06:30:04+00:00,CURRENT
694249,"Carrigg, Cole",,2026,,,,,,,,,,BASEBALL_SAVANT_CURRENT_SEASON,2026-08-23T06:30:04+00:00,CURRENT
682998,"Carroll, Corbin",,2026,,,,,,,,,,BASEBALL_SAVANT_CURRENT_SEASON,2026-08-23T06:30:04+00:00,CURRENT
694497,"Carter, Evan",,2026,,,,,,,,,,BASEBALL_SAVANT_CURRENT_SEASON,2026-08-23T06:30:04+00:00,CURRENT
592206,"Castellanos, Nick",,2026,,,,,,,,,,BASEBALL_SAVANT_CURRENT_SEASON,2026-08-23T06:30:04+00:00,CURRENT
650489,"Castro, Willi",,2026,,,,,,,,,,BASEBALL_SAVANT_CURRENT_SEASON,2026-08-23T06:30:04+00:00,CURRENT
695508,"Cauley, Cam",,2026,,,,,,,,,,BASEBALL_SAVANT_CURRENT_SEASON,2026-08-23T06:30:04+00:00,CURRENT
701852,"Cavanaugh, Drew",,2026,,,,,,,,,,BASEBALL_SAVANT_CURRENT_SEASON,2026-08-23T06:30:04+00:00,CURRENT
665953,"Chaparro, Andrés",,2026,,,,,,,,,,BASEBALL_SAVANT_CURRENT_SEASON,2026-08-23T06:30:04+00:00,CURRENT
656305,"Chapman, Matt",,2026,,,,,,,,,,BASEBALL_SAVANT_CURRENT_SEASON,2026-08-23T06:30:04+00:00,CURRENT
691907,"Cheng, Tsung-Che",,2026,,,,,,,,,,BASEBALL_SAVANT_CURRENT_SEASON,2026-08-23T06:30:04+00:00,CURRENT
665862,"Chisholm Jr., Jazz",,2026,,,,,,,,,,BASEBALL_SAVANT_CURRENT_SEASON,2026-08-23T06:30:04+00:00,CURRENT
694192,"Chourio, Jackson",,2026,,,,,,,,,,BASEBALL_SAVANT_CURRENT_SEASON,2026-08-23T06:30:04+00:00,CURRENT
701675,"Church, Nathan",,2026,,,,,,,,,,BASEBALL_SAVANT_CURRENT_SEASON,2026-08-23T06:30:04+00:00,CURRENT
703601,"Clark, Max",,2026,,,,,,,,,,BASEBALL_SAVANT_CURRENT_SEASON,2026-08-23T06:30:04+00:00,CURRENT
672016,"Clarke, Denzel",,2026,,,,,,,,,,BASEBALL_SAVANT_CURRENT_SEASON,2026-08-23T06:30:04+00:00,CURRENT
682729,"Clase, Jonatan",,2026,,,,,,,,,,BASEBALL_SAVANT_CURRENT_SEASON,2026-08-23T06:30:04+00:00,CURRENT
665019,"Clemens, Kody",,2026,,,,,,,,,,BASEBALL_SAVANT_CURRENT_SEASON,2026-08-23T06:30:04+00:00,CURRENT
676391,"Clement, Ernie",,2026,,,,,,,,,,BASEBALL_SAVANT_CURRENT_SEASON,2026-08-23T06:30:04+00:00,CURRENT
805904,"Cole, Zach",,2026,,,,,,,,,,BASEBALL_SAVANT_CURRENT_SEASON,2026-08-23T06:30:04+00:00,CURRENT
686555,"Collins, Isaac",,2026,,,,,,,,,,BASEBALL_SAVANT_CURRENT_SEASON,2026-08-23T06:30:04+00:00,CURRENT
624424,"Conforto, Michael",,2026,,,,,,,,,,BASEBALL_SAVANT_CURRENT_SEASON,2026-08-23T06:30:04+00:00,CURRENT
665052,"Conine, Griffin",,2026,,,,,,,,,,BASEBALL_SAVANT_CURRENT_SEASON,2026-08-23T06:30:04+00:00,CURRENT
661388,"Contreras, William",,2026,,,,,,,,,,BASEBALL_SAVANT_CURRENT_SEASON,2026-08-23T06:30:04+00:00,CURRENT
575929,"Contreras, Willson",,2026,,,,,,,,,,BASEBALL_SAVANT_CURRENT_SEASON,2026-08-23T06:30:04+00:00,CURRENT
695257,"Cook, Billy",,2026,,,,,,,,,,BASEBALL_SAVANT_CURRENT_SEASON,2026-08-23T06:30:04+00:00,CURRENT
621043,"Correa, Carlos",,2026,,,,,,,,,,BASEBALL_SAVANT_CURRENT_SEASON,2026-08-23T06:30:04+00:00,CURRENT
666126,"Cortes, Carlos",,2026,,,,,,,,,,BASEBALL_SAVANT_CURRENT_SEASON,2026-08-23T06:30:04+00:00,CURRENT
681297,"Cowser, Colton",,2026,,,,,,,,,,BASEBALL_SAVANT_CURRENT_SEASON,2026-08-23T06:30:04+00:00,CURRENT
813841,"Cox, Jonah",,2026,,,,,,,,,,BASEBALL_SAVANT_CURRENT_SEASON,2026-08-23T06:30:04+00:00,CURRENT
641487,"Crawford, J.P.",,2026,,,,,,,,,,BASEBALL_SAVANT_CURRENT_SEASON,2026-08-23T06:30:04+00:00,CURRENT
702222,"Crawford, Justin",,2026,,,,,,,,,,BASEBALL_SAVANT_CURRENT_SEASON,2026-08-23T06:30:04+00:00,CURRENT
686611,"Crews, Dylan",,2026,,,,,,,,,,BASEBALL_SAVANT_CURRENT_SEASON,2026-08-23T06:30:04+00:00,CURRENT
630105,"Cronenworth, Jake",,2026,,,,,,,,,,BASEBALL_SAVANT_CURRENT_SEASON,2026-08-23T06:30:04+00:00,CURRENT
699625,"Crooks, Jimmy",,2026,,,,,,,,,,BASEBALL_SAVANT_CURRENT_SEASON,2026-08-23T06:30:04+00:00,CURRENT
691718,"Crow-Armstrong, Pete",,2026,,,,,,,,,,BASEBALL_SAVANT_CURRENT_SEASON,2026-08-23T06:30:04+00:00,CURRENT
665833,"Cruz, Oneil",,2026,,,,,,,,,,BASEBALL_SAVANT_CURRENT_SEASON,2026-08-23T06:30:04+00:00,CURRENT
669360,"Cruz, Trei",,2026,,,,,,,,,,BASEBALL_SAVANT_CURRENT_SEASON,2026-08-23T06:30:04+00:00,CURRENT
701785,"Culpepper, Kaelen",,2026,,,,,,,,,,BASEBALL_SAVANT_CURRENT_SEASON,2026-08-23T06:30:04+00:00,CURRENT
680779,"Davis, Henry",,2026,,,,,,,,,,BASEBALL_SAVANT_CURRENT_SEASON,2026-08-23T06:30:04+00:00,CURRENT
650559,"De La Cruz, Bryan",,2026,,,,,,,,,,BASEBALL_SAVANT_CURRENT_SEASON,2026-08-23T06:30:04+00:00,CURRENT
682829,"De La Cruz, Elly",,2026,,,,,,,,,,BASEBALL_SAVANT_CURRENT_SEASON,2026-08-23T06:30:04+00:00,CURRENT
691277,"De Los Santos, Deyvison",,2026,,,,,,,,,,BASEBALL_SAVANT_CURRENT_SEASON,2026-08-23T06:30:04+00:00,CURRENT
800050,"DeLauter, Chase",,2026,,,,,,,,,,BASEBALL_SAVANT_CURRENT_SEASON,2026-08-23T06:30:04+00:00,CURRENT
676356,"DeLuca, Jonny",,2026,,,,,,,,,,BASEBALL_SAVANT_CURRENT_SEASON,2026-08-23T06:30:04+00:00,CURRENT
681909,"Dean, Justin",,2026,,,,,,,,,,BASEBALL_SAVANT_CURRENT_SEASON,2026-08-23T06:30:04+00:00,CURRENT
680728,"Del Castillo, Adrian",,2026,,,,,,,,,,BASEBALL_SAVANT_CURRENT_SEASON,2026-08-23T06:30:04+00:00,CURRENT
669384,"Delgado, Raynel",,2026,,,,,,,,,,BASEBALL_SAVANT_CURRENT_SEASON,2026-08-23T06:30:04+00:00,CURRENT
646240,"Devers, Rafael",,2026,,,,,,,,,,BASEBALL_SAVANT_CURRENT_SEASON,2026-08-23T06:30:04+00:00,CURRENT
701305,"Dezenzo, Zach",,2026,,,,,,,,,,BASEBALL_SAVANT_CURRENT_SEASON,2026-08-23T06:30:04+00:00,CURRENT
673237,"Diaz, Yainer",,2026,,,,,,,,,,BASEBALL_SAVANT_CURRENT_SEASON,2026-08-23T06:30:04+00:00,CURRENT
693307,"Dingler, Dillon",,2026,,,,,,,,,,BASEBALL_SAVANT_CURRENT_SEASON,2026-08-23T06:30:04+00:00,CURRENT
691176,"Domínguez, Jasson",,2026,,,,,,,,,,BASEBALL_SAVANT_CURRENT_SEASON,2026-08-23T06:30:04+00:00,CURRENT
680977,"Donovan, Brendan",,2026,,,,,,,,,,BASEBALL_SAVANT_CURRENT_SEASON,2026-08-23T06:30:04+00:00,CURRENT
686668,"Doyle, Brenton",,2026,,,,,,,,,,BASEBALL_SAVANT_CURRENT_SEASON,2026-08-23T06:30:04+00:00,CURRENT
643289,"Dubón, Mauricio",,2026,,,,,,,,,,BASEBALL_SAVANT_CURRENT_SEASON,2026-08-23T06:30:04+00:00,CURRENT
694362,"Dunn, Blake",,2026,,,,,,,,,,BASEBALL_SAVANT_CURRENT_SEASON,2026-08-23T06:30:04+00:00,CURRENT
686554,"Dunn, Oliver",,2026,,,,,,,,,,BASEBALL_SAVANT_CURRENT_SEASON,2026-08-23T06:30:04+00:00,CURRENT
677649,"Duran, Ezequiel",,2026,,,,,,,,,,BASEBALL_SAVANT_CURRENT_SEASON,2026-08-23T06:30:04+00:00,CURRENT
680776,"Duran, Jarren",,2026,,,,,,,,,,BASEBALL_SAVANT_CURRENT_SEASON,2026-08-23T06:30:04+00:00,CURRENT
702332,"Durbin, Caleb",,2026,,,,,,,,,,BASEBALL_SAVANT_CURRENT_SEASON,2026-08-23T06:30:04+00:00,CURRENT
660710,"Durán, Rodolfo",,2026,,,,,,,,,,BASEBALL_SAVANT_CURRENT_SEASON,2026-08-23T06:30:04+00:00,CURRENT
553869,"Díaz, Elias",,2026,,,,,,,,,,BASEBALL_SAVANT_CURRENT_SEASON,2026-08-23T06:30:04+00:00,CURRENT
650490,"Díaz, Yandy",,2026,,,,,,,,,,BASEBALL_SAVANT_CURRENT_SEASON,2026-08-23T06:30:04+00:00,CURRENT
681987,"Eaton, Nate",,2026,,,,,,,,,,BASEBALL_SAVANT_CURRENT_SEASON,2026-08-23T06:30:04+00:00,CURRENT
669242,"Edman, Tommy",,2026,,,,,,,,,,BASEBALL_SAVANT_CURRENT_SEASON,2026-08-23T06:30:04+00:00,CURRENT
669364,"Edwards, Xavier",,2026,,,,,,,,,,BASEBALL_SAVANT_CURRENT_SEASON,2026-08-23T06:30:04+00:00,CURRENT
805811,"Eldridge, Bryce",,2026,,,,,,,,,,BASEBALL_SAVANT_CURRENT_SEASON,2026-08-23T06:30:04+00:00,CURRENT
806068,"Emerson, Colt",,2026,,,,,,,,,,BASEBALL_SAVANT_CURRENT_SEASON,2026-08-23T06:30:04+00:00,CURRENT
666464,"Encarnacion, Jerar",,2026,,,,,,,,,,BASEBALL_SAVANT_CURRENT_SEASON,2026-08-23T06:30:04+00:00,CURRENT
687952,"Encarnacion-Strand, Christian",,2026,,,,,,,,,,BASEBALL_SAVANT_CURRENT_SEASON,2026-08-23T06:30:04+00:00,CURRENT
641555,"Escarra, J.C.",,2026,,,,,,,,,,BASEBALL_SAVANT_CURRENT_SEASON,2026-08-23T06:30:04+00:00,CURRENT
669289,"Espinal, Santiago",,2026,,,,,,,,,,BASEBALL_SAVANT_CURRENT_SEASON,2026-08-23T06:30:04+00:00,CURRENT
805999,"Ewing, A.J.",,2026,,,,,,,,,,BASEBALL_SAVANT_CURRENT_SEASON,2026-08-23T06:30:04+00:00,CURRENT
656413,"Fairchild, Stuart",,2026,,,,,,,,,,BASEBALL_SAVANT_CURRENT_SEASON,2026-08-23T06:30:04+00:00,CURRENT
571657,"Farmer, Kyle",,2026,,,,,,,,,,BASEBALL_SAVANT_CURRENT_SEASON,2026-08-23T06:30:04+00:00,CURRENT
693459,"Fedko, Kyler",,2026,,,,,,,,,,BASEBALL_SAVANT_CURRENT_SEASON,2026-08-23T06:30:04+00:00,CURRENT
676439,"Feduccia, Hunter",,2026,,,,,,,,,,BASEBALL_SAVANT_CURRENT_SEASON,2026-08-23T06:30:04+00:00,CURRENT
666023,"Fermin, Freddy",,2026,,,,,,,,,,BASEBALL_SAVANT_CURRENT_SEASON,2026-08-23T06:30:04+00:00,CURRENT
665877,"Fermín, José",,2026,,,,,,,,,,BASEBALL_SAVANT_CURRENT_SEASON,2026-08-23T06:30:04+00:00,CURRENT
699912,"Fernandez, Jose",,2026,,,,,,,,,,BASEBALL_SAVANT_CURRENT_SEASON,2026-08-23T06:30:04+00:00,CURRENT
804668,"Flores Jr., Rafael",,2026,,,,,,,,,,BASEBALL_SAVANT_CURRENT_SEASON,2026-08-23T06:30:04+00:00,CURRENT
695670,"Ford, Harry",,2026,,,,,,,,,,BASEBALL_SAVANT_CURRENT_SEASON,2026-08-23T06:30:04+00:00,CURRENT
663743,"Fortes, Nick",,2026,,,,,,,,,,BASEBALL_SAVANT_CURRENT_SEASON,2026-08-23T06:30:04+00:00,CURRENT
679822,"Foscue, Justin",,2026,,,,,,,,,,BASEBALL_SAVANT_CURRENT_SEASON,2026-08-23T06:30:04+00:00,CURRENT
641584,"Fraley, Jake",,2026,,,,,,,,,,BASEBALL_SAVANT_CURRENT_SEASON,2026-08-23T06:30:04+00:00,CURRENT
664034,"France, Ty",,2026,,,,,,,,,,BASEBALL_SAVANT_CURRENT_SEASON,2026-08-23T06:30:04+00:00,CURRENT
681047,"Franklin, Christian",,2026,,,,,,,,,,BASEBALL_SAVANT_CURRENT_SEASON,2026-08-23T06:30:04+00:00,CURRENT
624428,"Frazier, Adam",,2026,,,,,,,,,,BASEBALL_SAVANT_CURRENT_SEASON,2026-08-23T06:30:04+00:00,CURRENT
690976,"Freeland, Alex",,2026,,,,,,,,,,BASEBALL_SAVANT_CURRENT_SEASON,2026-08-23T06:30:04+00:00,CURRENT
683227,"Freeman, Cody",,2026,,,,,,,,,,BASEBALL_SAVANT_CURRENT_SEASON,2026-08-23T06:30:04+00:00,CURRENT
518692,"Freeman, Freddie",,2026,,,,,,,,,,BASEBALL_SAVANT_CURRENT_SEASON,2026-08-23T06:30:04+00:00,CURRENT
671289,"Freeman, Tyler",,2026,,,,,,,,,,BASEBALL_SAVANT_CURRENT_SEASON,2026-08-23T06:30:04+00:00,CURRENT
686217,"Frelick, Sal",,2026,,,,,,,,,,BASEBALL_SAVANT_CURRENT_SEASON,2026-08-23T06:30:04+00:00,CURRENT
670770,"Friedl, TJ",,2026,,,,,,,,,,BASEBALL_SAVANT_CURRENT_SEASON,2026-08-23T06:30:04+00:00,CURRENT
681807,"Fry, David",,2026,,,,,,,,,,BASEBALL_SAVANT_CURRENT_SEASON,2026-08-23T06:30:04+00:00,CURRENT
690924,"Fulford, Braxton",,2026,,,,,,,,,,BASEBALL_SAVANT_CURRENT_SEASON,2026-08-23T06:30:04+00:00,CURRENT
801501,"Furman, Nate",,2026,,,,,,,,,,BASEBALL_SAVANT_CURRENT_SEASON,2026-08-23T06:30:04+00:00,CURRENT
605244,"Garcia, Aramis",,2026,,,,,,,,,,BASEBALL_SAVANT_CURRENT_SEASON,2026-08-23T06:30:04+00:00,CURRENT
691373,"Garcia, Jhostynxon",,2026,,,,,,,,,,BASEBALL_SAVANT_CURRENT_SEASON,2026-08-23T06:30:04+00:00,CURRENT
672580,"Garcia, Maikel",,2026,,,,,,,,,,BASEBALL_SAVANT_CURRENT_SEASON,2026-08-23T06:30:04+00:00,CURRENT
671277,"García Jr., Luis",,2026,,,,,,,,,,BASEBALL_SAVANT_CURRENT_SEASON,2026-08-23T06:30:04+00:00,CURRENT
666969,"García, Adolis",,2026,,,,,,,,,,BASEBALL_SAVANT_CURRENT_SEASON,2026-08-23T06:30:04+00:00,CURRENT
641598,"Garver, Mitch",,2026,,,,,,,,,,BASEBALL_SAVANT_CURRENT_SEASON,2026-08-23T06:30:04+00:00,CURRENT
681508,"Gasper, Mickey",,2026,,,,,,,,,,BASEBALL_SAVANT_CURRENT_SEASON,2026-08-23T06:30:04+00:00,CURRENT
680869,"Gelof, Zack",,2026,,,,,,,,,,BASEBALL_SAVANT_CURRENT_SEASON,2026-08-23T06:30:04+00:00,CURRENT
694197,"Genao, Angel",,2026,,,,,,,,,,BASEBALL_SAVANT_CURRENT_SEASON,2026-08-23T06:30:04+00:00,CURRENT
687551,"Gilbert, Drew",,2026,,,,,,,,,,BASEBALL_SAVANT_CURRENT_SEASON,2026-08-23T06:30:04+00:00,CURRENT
665926,"Giménez, Andrés",,2026,,,,,,,,,,BASEBALL_SAVANT_CURRENT_SEASON,2026-08-23T06:30:04+00:00,CURRENT
502671,"Goldschmidt, Paul",,2026,,,,,,,,,,BASEBALL_SAVANT_CURRENT_SEASON,2026-08-23T06:30:04+00:00,CURRENT
693304,"Gonzales, Nick",,2026,,,,,,,,,,BASEBALL_SAVANT_CURRENT_SEASON,2026-08-23T06:30:04+00:00,CURRENT
694224,"Gonzalez, Gabriel",,2026,,,,,,,,,,BASEBALL_SAVANT_CURRENT_SEASON,2026-08-23T06:30:04+00:00,CURRENT
694378,"Gonzalez, Jacob",,2026,,,,,,,,,,BASEBALL_SAVANT_CURRENT_SEASON,2026-08-23T06:30:04+00:00,CURRENT
663853,"Gonzalez, Romy",,2026,,,,,,,,,,BASEBALL_SAVANT_CURRENT_SEASON,2026-08-23T06:30:04+00:00,CURRENT
696100,"Goodman, Hunter",,2026,,,,,,,,,,BASEBALL_SAVANT_CURRENT_SEASON,2026-08-23T06:30:04+00:00,CURRENT
669357,"Gorman, Nolan",,2026,,,,,,,,,,BASEBALL_SAVANT_CURRENT_SEASON,2026-08-23T06:30:04+00:00,CURRENT
656484,"Gray, Tristan",,2026,,,,,,,,,,BASEBALL_SAVANT_CURRENT_SEASON,2026-08-23T06:30:04+00:00,CURRENT
682985,"Greene, Riley",,2026,,,,,,,,,,BASEBALL_SAVANT_CURRENT_SEASON,2026-08-23T06:30:04+00:00,CURRENT
545341,"Grichuk, Randal",,2026,,,,,,,,,,BASEBALL_SAVANT_CURRENT_SEASON,2026-08-23T06:30:04+00:00,CURRENT
804606,"Griffin, Konnor",,2026,,,,,,,,,,BASEBALL_SAVANT_CURRENT_SEASON,2026-08-23T06:30:04+00:00,CURRENT
663757,"Grisham, Trent",,2026,,,,,,,,,,BASEBALL_SAVANT_CURRENT_SEASON,2026-08-23T06:30:04+00:00,CURRENT
687093,"Grissom, Vaughn",,2026,,,,,,,,,,BASEBALL_SAVANT_CURRENT_SEASON,2026-08-23T06:30:04+00:00,CURRENT
694410,"Groover, LuJames",,2026,,,,,,,,,,BASEBALL_SAVANT_CURRENT_SEASON,2026-08-23T06:30:04+00:00,CURRENT
665489,"Guerrero Jr., Vladimir",,2026,,,,,,,,,,BASEBALL_SAVANT_CURRENT_SEASON,2026-08-23T06:30:04+00:00,CURRENT
666971,"Gurriel Jr., Lourdes",,2026,,,,,,,,,,BASEBALL_SAVANT_CURRENT_SEASON,2026-08-23T06:30:04+00:00,CURRENT
694203,"Guzman, Denzer",,2026,,,,,,,,,,BASEBALL_SAVANT_CURRENT_SEASON,2026-08-23T06:30:04+00:00,CURRENT
606992,"Haase, Eric",,2026,,,,,,,,,,BASEBALL_SAVANT_CURRENT_SEASON,2026-08-23T06:30:04+00:00,CURRENT
664059,"Haggerty, Sam",,2026,,,,,,,,,,BASEBALL_SAVANT_CURRENT_SEASON,2026-08-23T06:30:04+00:00,CURRENT
690984,"Halpin, Petey",,2026,,,,,,,,,,BASEBALL_SAVANT_CURRENT_SEASON,2026-08-23T06:30:04+00:00,CURRENT
666152,"Hamilton, David",,2026,,,,,,,,,,BASEBALL_SAVANT_CURRENT_SEASON,2026-08-23T06:30:04+00:00,CURRENT
668974,"Handley, Maverick",,2026,,,,,,,,,,BASEBALL_SAVANT_CURRENT_SEASON,2026-08-23T06:30:04+00:00,CURRENT
664023,"Happ, Ian",,2026,,,,,,,,,,BASEBALL_SAVANT_CURRENT_SEASON,2026-08-23T06:30:04+00:00,CURRENT
547180,"Harper, Bryce",,2026,,,,,,,,,,BASEBALL_SAVANT_CURRENT_SEASON,2026-08-23T06:30:04+00:00,CURRENT
671739,"Harris II, Michael",,2026,,,,,,,,,,BASEBALL_SAVANT_CURRENT_SEASON,2026-08-23T06:30:04+00:00,CURRENT
695391,"Harris, Brett",,2026,,,,,,,,,,BASEBALL_SAVANT_CURRENT_SEASON,2026-08-23T06:30:04+00:00,CURRENT
687957,"Harris, Dustin",,2026,,,,,,,,,,BASEBALL_SAVANT_CURRENT_SEASON,2026-08-23T06:30:04+00:00,CURRENT
663647,"Hayes, Ke'Bryan",,2026,,,,,,,,,,BASEBALL_SAVANT_CURRENT_SEASON,2026-08-23T06:30:04+00:00,CURRENT
669720,"Hays, Austin",,2026,,,,,,,,,,BASEBALL_SAVANT_CURRENT_SEASON,2026-08-23T06:30:04+00:00,CURRENT
595978,"Hedges, Austin",,2026,,,,,,,,,,BASEBALL_SAVANT_CURRENT_SEASON,2026-08-23T06:30:04+00:00,CURRENT
641680,"Heim, Jonah",,2026,,,,,,,,,,BASEBALL_SAVANT_CURRENT_SEASON,2026-08-23T06:30:04+00:00,CURRENT
623168,"Heineman, Tyler",,2026,,,,,,,,,,BASEBALL_SAVANT_CURRENT_SEASON,2026-08-23T06:30:04+00:00,CURRENT
680737,"Helman, Michael",,2026,,,,,,,,,,BASEBALL_SAVANT_CURRENT_SEASON,2026-08-23T06:30:04+00:00,CURRENT
683002,"Henderson, Gunnar",,2026,,,,,,,,,,BASEBALL_SAVANT_CURRENT_SEASON,2026-08-23T06:30:04+00:00,CURRENT
687231,"Hernaiz, Darell",,2026,,,,,,,,,,BASEBALL_SAVANT_CURRENT_SEASON,2026-08-23T06:30:04+00:00,CURRENT
571771,"Hernández, Enrique",,2026,,,,,,,,,,BASEBALL_SAVANT_CURRENT_SEASON,2026-08-23T06:30:04+00:00,CURRENT
681715,"Hernández, Heriberto",,2026,,,,,,,,,,BASEBALL_SAVANT_CURRENT_SEASON,2026-08-23T06:30:04+00:00,CURRENT
606192,"Hernández, Teoscar",,2026,,,,,,,,,,BASEBALL_SAVANT_CURRENT_SEASON,2026-08-23T06:30:04+00:00,CURRENT
671056,"Herrera, Iván",,2026,,,,,,,,,,BASEBALL_SAVANT_CURRENT_SEASON,2026-08-23T06:30:04+00:00,CURRENT
676551,"Hicklen, Brewer",,2026,,,,,,,,,,BASEBALL_SAVANT_CURRENT_SEASON,2026-08-23T06:30:04+00:00,CURRENT
689414,"Hicks, Liam",,2026,,,,,,,,,,BASEBALL_SAVANT_CURRENT_SEASON,2026-08-23T06:30:04+00:00,CURRENT
543309,"Higashioka, Kyle",,2026,,,,,,,,,,BASEBALL_SAVANT_CURRENT_SEASON,2026-08-23T06:30:04+00:00,CURRENT
664731,"Higgins, P.J.",,2026,,,,,,,,,,BASEBALL_SAVANT_CURRENT_SEASON,2026-08-23T06:30:04+00:00,CURRENT
656537,"Hill, Derek",,2026,,,,,,,,,,BASEBALL_SAVANT_CURRENT_SEASON,2026-08-23T06:30:04+00:00,CURRENT
806367,"Hill, Turner",,2026,,,,,,,,,,BASEBALL_SAVANT_CURRENT_SEASON,2026-08-23T06:30:04+00:00,CURRENT
677956,"Hinds, Rece",,2026,,,,,,,,,,BASEBALL_SAVANT_CURRENT_SEASON,2026-08-23T06:30:04+00:00,CURRENT
663538,"Hoerner, Nico",,2026,,,,,,,,,,BASEBALL_SAVANT_CURRENT_SEASON,2026-08-23T06:30:04+00:00,CURRENT
702616,"Holliday, Jackson",,2026,,,,,,,,,,BASEBALL_SAVANT_CURRENT_SEASON,2026-08-23T06:30:04+00:00,CURRENT
687462,"Horwitz, Spencer",,2026,,,,,,,,,,BASEBALL_SAVANT_CURRENT_SEASON,2026-08-23T06:30:04+00:00,CURRENT
656555,"Hoskins, Rhys",,2026,,,,,,,,,,BASEBALL_SAVANT_CURRENT_SEASON,2026-08-23T06:30:04+00:00,CURRENT
691781,"House, Brady",,2026,,,,,,,,,,BASEBALL_SAVANT_CURRENT_SEASON,2026-08-23T06:30:04+00:00,CURRENT
669087,"Huff, Sam",,2026,,,,,,,,,,BASEBALL_SAVANT_CURRENT_SEASON,2026-08-23T06:30:04+00:00,CURRENT
675448,"Hunt, Blake",,2026,,,,,,,,,,BASEBALL_SAVANT_CURRENT_SEASON,2026-08-23T06:30:04+00:00,CURRENT
628451,"Ibáñez, Andy",,2026,,,,,,,,,,BASEBALL_SAVANT_CURRENT_SEASON,2026-08-23T06:30:04+00:00,CURRENT
663697,"India, Jonathan",,2026,,,,,,,,,,BASEBALL_SAVANT_CURRENT_SEASON,2026-08-23T06:30:04+00:00,CURRENT
694876,"Ingle, Cooper",,2026,,,,,,,,,,BASEBALL_SAVANT_CURRENT_SEASON,2026-08-23T06:30:04+00:00,CURRENT
664728,"Isbel, Kyle",,2026,,,,,,,,,,BASEBALL_SAVANT_CURRENT_SEASON,2026-08-23T06:30:04+00:00,CURRENT
656577,"Jackson, Alex",,2026,,,,,,,,,,BASEBALL_SAVANT_CURRENT_SEASON,2026-08-23T06:30:04+00:00,CURRENT
669236,"Jackson, Jeremiah",,2026,,,,,,,,,,BASEBALL_SAVANT_CURRENT_SEASON,2026-08-23T06:30:04+00:00,CURRENT
643376,"Jansen, Danny",,2026,,,,,,,,,,BASEBALL_SAVANT_CURRENT_SEASON,2026-08-23T06:30:04+00:00,CURRENT
805347,"Jarvis, Jim",,2026,,,,,,,,,,BASEBALL_SAVANT_CURRENT_SEASON,2026-08-23T06:30:04+00:00,CURRENT
680777,"Jeffers, Ryan",,2026,,,,,,,,,,BASEBALL_SAVANT_CURRENT_SEASON,2026-08-23T06:30:04+00:00,CURRENT
695600,"Jensen, Carter",,2026,,,,,,,,,,BASEBALL_SAVANT_CURRENT_SEASON,2026-08-23T06:30:04+00:00,CURRENT
650391,"Jiménez, Eloy",,2026,,,,,,,,,,BASEBALL_SAVANT_CURRENT_SEASON,2026-08-23T06:30:04+00:00,CURRENT
677870,"Jiménez, Leo",,2026,,,,,,,,,,BASEBALL_SAVANT_CURRENT_SEASON,2026-08-23T06:30:04+00:00,CURRENT
656582,"Joe, Connor",,2026,,,,,,,,,,BASEBALL_SAVANT_CURRENT_SEASON,2026-08-23T06:30:04+00:00,CURRENT
669369,"Johnson, Bryce",,2026,,,,,,,,,,BASEBALL_SAVANT_CURRENT_SEASON,2026-08-23T06:30:04+00:00,CURRENT
669288,"Johnson, Daniel",,2026,,,,,,,,,,BASEBALL_SAVANT_CURRENT_SEASON,2026-08-23T06:30:04+00:00,CURRENT
671155,"Johnson, Ivan",,2026,,,,,,,,,,BASEBALL_SAVANT_CURRENT_SEASON,2026-08-23T06:30:04+00:00,CURRENT
687859,"Johnston, Troy",,2026,,,,,,,,,,BASEBALL_SAVANT_CURRENT_SEASON,2026-08-23T06:30:04+00:00,CURRENT
675659,"Jones, Greg",,2026,,,,,,,,,,BASEBALL_SAVANT_CURRENT_SEASON,2026-08-23T06:30:04+00:00,CURRENT
663330,"Jones, Jahmai",,2026,,,,,,,,,,BASEBALL_SAVANT_CURRENT_SEASON,2026-08-23T06:30:04+00:00,CURRENT
682987,"Jones, Spencer",,2026,,,,,,,,,,BASEBALL_SAVANT_CURRENT_SEASON,2026-08-23T06:30:04+00:00,CURRENT
691458,"Jordan, Blaze",,2026,,,,,,,,,,BASEBALL_SAVANT_CURRENT_SEASON,2026-08-23T06:30:04+00:00,CURRENT
592450,"Judge, Aaron",,2026,,,,,,,,,,BASEBALL_SAVANT_CURRENT_SEASON,2026-08-23T06:30:04+00:00,CURRENT
666397,"Julien, Edouard",,2026,,,,,,,,,,BASEBALL_SAVANT_CURRENT_SEASON,2026-08-23T06:30:04+00:00,CURRENT
667452,"Julks, Corey",,2026,,,,,,,,,,BASEBALL_SAVANT_CURRENT_SEASON,2026-08-23T06:30:04+00:00,CURRENT
690291,"Jung, Jace",,2026,,,,,,,,,,BASEBALL_SAVANT_CURRENT_SEASON,2026-08-23T06:30:04+00:00,CURRENT
673962,"Jung, Josh",,2026,,,,,,,,,,BASEBALL_SAVANT_CURRENT_SEASON,2026-08-23T06:30:04+00:00,CURRENT
691720,"Karros, Kyle",,2026,,,,,,,,,,BASEBALL_SAVANT_CURRENT_SEASON,2026-08-23T06:30:04+00:00,CURRENT
692216,"Kayfus, CJ",,2026,,,,,,,,,,BASEBALL_SAVANT_CURRENT_SEASON,2026-08-23T06:30:04+00:00,CURRENT
807712,"Keaschall, Luke",,2026,,,,,,,,,,BASEBALL_SAVANT_CURRENT_SEASON,2026-08-23T06:30:04+00:00,CURRENT
690993,"Keith, Colt",,2026,,,,,,,,,,BASEBALL_SAVANT_CURRENT_SEASON,2026-08-23T06:30:04+00:00,CURRENT
672284,"Kelenic, Jarred",,2026,,,,,,,,,,BASEBALL_SAVANT_CURRENT_SEASON,2026-08-23T06:30:04+00:00,CURRENT
608348,"Kelly, Carson",,2026,,,,,,,,,,BASEBALL_SAVANT_CURRENT_SEASON,2026-08-23T06:30:04+00:00,CURRENT
805249,"Kemp, Otto",,2026,,,,,,,,,,BASEBALL_SAVANT_CURRENT_SEASON,2026-08-23T06:30:04+00:00,CURRENT
671083,"Kennedy, Buddy",,2026,,,,,,,,,,BASEBALL_SAVANT_CURRENT_SEASON,2026-08-23T06:30:04+00:00,CURRENT
596146,"Kepler, Max",,2026,,,,,,,,,,BASEBALL_SAVANT_CURRENT_SEASON,2026-08-23T06:30:04+00:00,CURRENT
815873,"Keys, Sean",,2026,,,,,,,,,,BASEBALL_SAVANT_CURRENT_SEASON,2026-08-23T06:30:04+00:00,CURRENT
673490,"Kim, Ha-Seong",,2026,,,,,,,,,,BASEBALL_SAVANT_CURRENT_SEASON,2026-08-23T06:30:04+00:00,CURRENT
808975,"Kim, Hyeseong",,2026,,,,,,,,,,BASEBALL_SAVANT_CURRENT_SEASON,2026-08-23T06:30:04+00:00,CURRENT
643396,"Kiner-Falefa, Isiah",,2026,,,,,,,,,,BASEBALL_SAVANT_CURRENT_SEASON,2026-08-23T06:30:04+00:00,CURRENT
664068,"Kingery, Scott",,2026,,,,,,,,,,BASEBALL_SAVANT_CURRENT_SEASON,2026-08-23T06:30:04+00:00,CURRENT
672386,"Kirk, Alejandro",,2026,,,,,,,,,,BASEBALL_SAVANT_CURRENT_SEASON,2026-08-23T06:30:04+00:00,CURRENT
668800,"Knizner, Andrew",,2026,,,,,,,,,,BASEBALL_SAVANT_CURRENT_SEASON,2026-08-23T06:30:04+00:00,CURRENT
683766,"Koss, Christian",,2026,,,,,,,,,,BASEBALL_SAVANT_CURRENT_SEASON,2026-08-23T06:30:04+00:00,CURRENT
668952,"Kreidler, Ryan",,2026,,,,,,,,,,BASEBALL_SAVANT_CURRENT_SEASON,2026-08-23T06:30:04+00:00,CURRENT
811965,"Kuroda-Grauer, Joshua",,2026,,,,,,,,,,BASEBALL_SAVANT_CURRENT_SEASON,2026-08-23T06:30:04+00:00,CURRENT
701762,"Kurtz, Nick",,2026,,,,,,,,,,BASEBALL_SAVANT_CURRENT_SEASON,2026-08-23T06:30:04+00:00,CURRENT
680757,"Kwan, Steven",,2026,,,,,,,,,,BASEBALL_SAVANT_CURRENT_SEASON,2026-08-23T06:30:04+00:00,CURRENT
669127,"Langeliers, Shea",,2026,,,,,,,,,,BASEBALL_SAVANT_CURRENT_SEASON,2026-08-23T06:30:04+00:00,CURRENT
694671,"Langford, Wyatt",,2026,,,,,,,,,,BASEBALL_SAVANT_CURRENT_SEASON,2026-08-23T06:30:04+00:00,CURRENT
800325,"Lara, Luis",,2026,,,,,,,,,,BASEBALL_SAVANT_CURRENT_SEASON,2026-08-23T06:30:04+00:00,CURRENT
663616,"Larnach, Trevor",,2026,,,,,,,,,,BASEBALL_SAVANT_CURRENT_SEASON,2026-08-23T06:30:04+00:00,CURRENT
657656,"Laureano, Ramón",,2026,,,,,,,,,,BASEBALL_SAVANT_CURRENT_SEASON,2026-08-23T06:30:04+00:00,CURRENT
691783,"Lawlar, Jordan",,2026,,,,,,,,,,BASEBALL_SAVANT_CURRENT_SEASON,2026-08-23T06:30:04+00:00,CURRENT
686797,"Lee, Brooks",,2026,,,,,,,,,,BASEBALL_SAVANT_CURRENT_SEASON,2026-08-23T06:30:04+00:00,CURRENT
701678,"Lee, Hao-Yu",,2026,,,,,,,,,,BASEBALL_SAVANT_CURRENT_SEASON,2026-08-23T06:30:04+00:00,CURRENT
808982,"Lee, Jung Hoo",,2026,,,,,,,,,,BASEBALL_SAVANT_CURRENT_SEASON,2026-08-23T06:30:04+00:00,CURRENT
678760,"Leonard, Eddys",,2026,,,,,,,,,,BASEBALL_SAVANT_CURRENT_SEASON,2026-08-23T06:30:04+00:00,CURRENT
668904,"Lewis, Royce",,2026,,,,,,,,,,BASEBALL_SAVANT_CURRENT_SEASON,2026-08-23T06:30:04+00:00,CURRENT
506702,"León, Sandy",,2026,,,,,,,,,,BASEBALL_SAVANT_CURRENT_SEASON,2026-08-23T06:30:04+00:00,CURRENT
695734,"Lile, Daylen",,2026,,,,,,,,,,BASEBALL_SAVANT_CURRENT_SEASON,2026-08-23T06:30:04+00:00,CURRENT
596019,"Lindor, Francisco",,2026,,,,,,,,,,BASEBALL_SAVANT_CURRENT_SEASON,2026-08-23T06:30:04+00:00,CURRENT
682988,"Locklear, Tyler",,2026,,,,,,,,,,BASEBALL_SAVANT_CURRENT_SEASON,2026-08-23T06:30:04+00:00,CURRENT
663604,"Lockridge, Brandon",,2026,,,,,,,,,,BASEBALL_SAVANT_CURRENT_SEASON,2026-08-23T06:30:04+00:00,CURRENT
679845,"Loftin, Nick",,2026,,,,,,,,,,BASEBALL_SAVANT_CURRENT_SEASON,2026-08-23T06:30:04+00:00,CURRENT
806146,"Lombard Jr., George",,2026,,,,,,,,,,BASEBALL_SAVANT_CURRENT_SEASON,2026-08-23T06:30:04+00:00,CURRENT
694388,"Loperfido, Joey",,2026,,,,,,,,,,BASEBALL_SAVANT_CURRENT_SEASON,2026-08-23T06:30:04+00:00,CURRENT
670032,"Lopez, Nicky",,2026,,,,,,,,,,BASEBALL_SAVANT_CURRENT_SEASON,2026-08-23T06:30:04+00:00,CURRENT
672640,"Lopez, Otto",,2026,,,,,,,,,,BASEBALL_SAVANT_CURRENT_SEASON,2026-08-23T06:30:04+00:00,CURRENT
664040,"Lowe, Brandon",,2026,,,,,,,,,,BASEBALL_SAVANT_CURRENT_SEASON,2026-08-23T06:30:04+00:00,CURRENT
666139,"Lowe, Josh",,2026,,,,,,,,,,BASEBALL_SAVANT_CURRENT_SEASON,2026-08-23T06:30:04+00:00,CURRENT
663993,"Lowe, Nathaniel",,2026,,,,,,,,,,BASEBALL_SAVANT_CURRENT_SEASON,2026-08-23T06:30:04+00:00,CURRENT
664770,"Lukes, Nathan",,2026,,,,,,,,,,BASEBALL_SAVANT_CURRENT_SEASON,2026-08-23T06:30:04+00:00,CURRENT
592518,"Machado, Manny",,2026,,,,,,,,,,BASEBALL_SAVANT_CURRENT_SEASON,2026-08-23T06:30:04+00:00,CURRENT
691788,"Mack, Joe",,2026,,,,,,,,,,BASEBALL_SAVANT_CURRENT_SEASON,2026-08-23T06:30:04+00:00,CURRENT
663611,"Madrigal, Nick",,2026,,,,,,,,,,BASEBALL_SAVANT_CURRENT_SEASON,2026-08-23T06:30:04+00:00,CURRENT
571912,"Maile, Luke",,2026,,,,,,,,,,BASEBALL_SAVANT_CURRENT_SEASON,2026-08-23T06:30:04+00:00,CURRENT
701162,"Malgeri, Ben",,2026,,,,,,,,,,BASEBALL_SAVANT_CURRENT_SEASON,2026-08-23T06:30:04+00:00,CURRENT
641820,"Mancini, Trey",,2026,,,,,,,,,,BASEBALL_SAVANT_CURRENT_SEASON,2026-08-23T06:30:04+00:00,CURRENT
663968,"Mangum, Jake",,2026,,,,,,,,,,BASEBALL_SAVANT_CURRENT_SEASON,2026-08-23T06:30:04+00:00,CURRENT
700932,"Manzardo, Kyle",,2026,,,,,,,,,,BASEBALL_SAVANT_CURRENT_SEASON,2026-08-23T06:30:04+00:00,CURRENT
665561,"Marchán, Rafael",,2026,,,,,,,,,,BASEBALL_SAVANT_CURRENT_SEASON,2026-08-23T06:30:04+00:00,CURRENT
805300,"Marsee, Jakob",,2026,,,,,,,,,,BASEBALL_SAVANT_CURRENT_SEASON,2026-08-23T06:30:04+00:00,CURRENT
669016,"Marsh, Brandon",,2026,,,,,,,,,,BASEBALL_SAVANT_CURRENT_SEASON,2026-08-23T06:30:04+00:00,CURRENT
606466,"Marte, Ketel",,2026,,,,,,,,,,BASEBALL_SAVANT_CURRENT_SEASON,2026-08-23T06:30:04+00:00,CURRENT
682622,"Marte, Noelvi",,2026,,,,,,,,,,BASEBALL_SAVANT_CURRENT_SEASON,2026-08-23T06:30:04+00:00,CURRENT
516782,"Marte, Starling",,2026,,,,,,,,,,BASEBALL_SAVANT_CURRENT_SEASON,2026-08-23T06:30:04+00:00,CURRENT
668885,"Martin, Austin",,2026,,,,,,,,,,BASEBALL_SAVANT_CURRENT_SEASON,2026-08-23T06:30:04+00:00,CURRENT
683079,"Martinez, Omar",,2026,,,,,,,,,,BASEBALL_SAVANT_CURRENT_SEASON,2026-08-23T06:30:04+00:00,CURRENT
682657,"Martínez, Angel",,2026,,,,,,,,,,BASEBALL_SAVANT_CURRENT_SEASON,2026-08-23T06:30:04+00:00,CURRENT
686681,"Massey, Michael",,2026,,,,,,,,,,BASEBALL_SAVANT_CURRENT_SEASON,2026-08-23T06:30:04+00:00,CURRENT
670156,"Mastrobuoni, Miles",,2026,,,,,,,,,,BASEBALL_SAVANT_CURRENT_SEASON,2026-08-23T06:30:04+00:00,CURRENT
622761,"Mateo, Jorge",,2026,,,,,,,,,,BASEBALL_SAVANT_CURRENT_SEASON,2026-08-23T06:30:04+00:00,CURRENT
682641,"Matos, Luis",,2026,,,,,,,,,,BASEBALL_SAVANT_CURRENT_SEASON,2026-08-23T06:30:04+00:00,CURRENT
694728,"Matthews, Brice",,2026,,,,,,,,,,BASEBALL_SAVANT_CURRENT_SEASON,2026-08-23T06:30:04+00:00,CURRENT
677595,"Mauricio, Ronny",,2026,,,,,,,,,,BASEBALL_SAVANT_CURRENT_SEASON,2026-08-23T06:30:04+00:00,CURRENT
691785,"Mayer, Marcelo",,2026,,,,,,,,,,BASEBALL_SAVANT_CURRENT_SEASON,2026-08-23T06:30:04+00:00,CURRENT
691723,"Mayo, Coby",,2026,,,,,,,,,,BASEBALL_SAVANT_CURRENT_SEASON,2026-08-23T06:30:04+00:00,CURRENT
807727,"McAdoo, Charles",,2026,,,,,,,,,,BASEBALL_SAVANT_CURRENT_SEASON,2026-08-23T06:30:04+00:00,CURRENT
543510,"McCann, James",,2026,,,,,,,,,,BASEBALL_SAVANT_CURRENT_SEASON,2026-08-23T06:30:04+00:00,CURRENT
664983,"McCarthy, Jake",,2026,,,,,,,,,,BASEBALL_SAVANT_CURRENT_SEASON,2026-08-23T06:30:04+00:00,CURRENT
687529,"McCray, Grant",,2026,,,,,,,,,,BASEBALL_SAVANT_CURRENT_SEASON,2026-08-23T06:30:04+00:00,CURRENT
457705,"McCutchen, Andrew",,2026,,,,,,,,,,BASEBALL_SAVANT_CURRENT_SEASON,2026-08-23T06:30:04+00:00,CURRENT
805808,"McGonigle, Kevin",,2026,,,,,,,,,,BASEBALL_SAVANT_CURRENT_SEASON,2026-08-23T06:30:04+00:00,CURRENT
624512,"McGuire, Reese",,2026,,,,,,,,,,BASEBALL_SAVANT_CURRENT_SEASON,2026-08-23T06:30:04+00:00,CURRENT
656716,"McKinstry, Zach",,2026,,,,,,,,,,BASEBALL_SAVANT_CURRENT_SEASON,2026-08-23T06:30:04+00:00,CURRENT
680574,"McLain, Matt",,2026,,,,,,,,,,BASEBALL_SAVANT_CURRENT_SEASON,2026-08-23T06:30:04+00:00,CURRENT
641857,"McMahon, Ryan",,2026,,,,,,,,,,BASEBALL_SAVANT_CURRENT_SEASON,2026-08-23T06:30:04+00:00,CURRENT
643446,"McNeil, Jeff",,2026,,,,,,,,,,BASEBALL_SAVANT_CURRENT_SEASON,2026-08-23T06:30:04+00:00,CURRENT
678554,"Mead, Curtis",,2026,,,,,,,,,,BASEBALL_SAVANT_CURRENT_SEASON,2026-08-23T06:30:04+00:00,CURRENT
678009,"Meadows, Parker",,2026,,,,,,,,,,BASEBALL_SAVANT_CURRENT_SEASON,2026-08-23T06:30:04+00:00,CURRENT
685133,"Meckler, Wade",,2026,,,,,,,,,,BASEBALL_SAVANT_CURRENT_SEASON,2026-08-23T06:30:04+00:00,CURRENT
682989,"Mederos, Victor",,2026,,,,,,,,,,BASEBALL_SAVANT_CURRENT_SEASON,2026-08-23T06:30:04+00:00,CURRENT
805367,"Meidroth, Chase",,2026,,,,,,,,,,BASEBALL_SAVANT_CURRENT_SEASON,2026-08-23T06:30:04+00:00,CURRENT
669004,"Melendez, MJ",,2026,,,,,,,,,,BASEBALL_SAVANT_CURRENT_SEASON,2026-08-23T06:30:04+00:00,CURRENT
608841,"Meneses, Joey",,2026,,,,,,,,,,BASEBALL_SAVANT_CURRENT_SEASON,2026-08-23T06:30:04+00:00,CURRENT
701538,"Merrill, Jackson",,2026,,,,,,,,,,BASEBALL_SAVANT_CURRENT_SEASON,2026-08-23T06:30:04+00:00,CURRENT
683748,"Mesa Jr., Victor",,2026,,,,,,,,,,BASEBALL_SAVANT_CURRENT_SEASON,2026-08-23T06:30:04+00:00,CURRENT
676694,"Meyers, Jake",,2026,,,,,,,,,,BASEBALL_SAVANT_CURRENT_SEASON,2026-08-23T06:30:04+00:00,CURRENT
571945,"Mikolas, Miles",,2026,,,,,,,,,,BASEBALL_SAVANT_CURRENT_SEASON,2026-08-23T06:30:04+00:00,CURRENT
686452,"Millas, Drew",,2026,,,,,,,,,,BASEBALL_SAVANT_CURRENT_SEASON,2026-08-23T06:30:04+00:00,CURRENT
670224,"Misner, Kameron",,2026,,,,,,,,,,BASEBALL_SAVANT_CURRENT_SEASON,2026-08-23T06:30:04+00:00,CURRENT
669003,"Mitchell, Garrett",,2026,,,,,,,,,,BASEBALL_SAVANT_CURRENT_SEASON,2026-08-23T06:30:04+00:00,CURRENT
655316,"Monasterio, Andruw",,2026,,,,,,,,,,BASEBALL_SAVANT_CURRENT_SEASON,2026-08-23T06:30:04+00:00,CURRENT
660162,"Moncada, Yoán",,2026,,,,,,,,,,BASEBALL_SAVANT_CURRENT_SEASON,2026-08-23T06:30:04+00:00,CURRENT
666160,"Moniak, Mickey",,2026,,,,,,,,,,BASEBALL_SAVANT_CURRENT_SEASON,2026-08-23T06:30:04+00:00,CURRENT
695731,"Montgomery, Braden",,2026,,,,,,,,,,BASEBALL_SAVANT_CURRENT_SEASON,2026-08-23T06:30:04+00:00,CURRENT
695657,"Montgomery, Colson",,2026,,,,,,,,,,BASEBALL_SAVANT_CURRENT_SEASON,2026-08-23T06:30:04+00:00,CURRENT
695681,"Moore, Christian",,2026,,,,,,,,,,BASEBALL_SAVANT_CURRENT_SEASON,2026-08-23T06:30:04+00:00,CURRENT
664238,"Moore, Dylan",,2026,,,,,,,,,,BASEBALL_SAVANT_CURRENT_SEASON,2026-08-23T06:30:04+00:00,CURRENT
703492,"Morabito, Nick",,2026,,,,,,,,,,BASEBALL_SAVANT_CURRENT_SEASON,2026-08-23T06:30:04+00:00,CURRENT
666624,"Morel, Christopher",,2026,,,,,,,,,,BASEBALL_SAVANT_CURRENT_SEASON,2026-08-23T06:30:04+00:00,CURRENT
672515,"Moreno, Gabriel",,2026,,,,,,,,,,BASEBALL_SAVANT_CURRENT_SEASON,2026-08-23T06:30:04+00:00,CURRENT
663624,"Mountcastle, Ryan",,2026,,,,,,,,,,BASEBALL_SAVANT_CURRENT_SEASON,2026-08-23T06:30:04+00:00,CURRENT
656775,"Mullins, Cedric",,2026,,,,,,,,,,BASEBALL_SAVANT_CURRENT_SEASON,2026-08-23T06:30:04+00:00,CURRENT
571970,"Muncy, Max",,2026,,,,,,,,,,BASEBALL_SAVANT_CURRENT_SEASON,2026-08-23T06:30:04+00:00,CURRENT
691777,"Muncy, Max",,2026,,,,,,,,,,BASEBALL_SAVANT_CURRENT_SEASON,2026-08-23T06:30:04+00:00,CURRENT
808959,"Murakami, Munetaka",,2026,,,,,,,,,,BASEBALL_SAVANT_CURRENT_SEASON,2026-08-23T06:30:04+00:00,CURRENT
669221,"Murphy, Sean",,2026,,,,,,,,,,BASEBALL_SAVANT_CURRENT_SEASON,2026-08-23T06:30:04+00:00,CURRENT
695020,"Murray, Tanner",,2026,,,,,,,,,,BASEBALL_SAVANT_CURRENT_SEASON,2026-08-23T06:30:04+00:00,CURRENT
667472,"Myers, Dane",,2026,,,,,,,,,,BASEBALL_SAVANT_CURRENT_SEASON,2026-08-23T06:30:04+00:00,CURRENT
665966,"Narváez, Carlos",,2026,,,,,,,,,,BASEBALL_SAVANT_CURRENT_SEASON,2026-08-23T06:30:04+00:00,CURRENT
640459,"Navarreto, Brian",,2026,,,,,,,,,,BASEBALL_SAVANT_CURRENT_SEASON,2026-08-23T06:30:04+00:00,CURRENT
666310,"Naylor, Bo",,2026,,,,,,,,,,BASEBALL_SAVANT_CURRENT_SEASON,2026-08-23T06:30:04+00:00,CURRENT
647304,"Naylor, Josh",,2026,,,,,,,,,,BASEBALL_SAVANT_CURRENT_SEASON,2026-08-23T06:30:04+00:00,CURRENT
687263,"Neto, Zach",,2026,,,,,,,,,,BASEBALL_SAVANT_CURRENT_SEASON,2026-08-23T06:30:04+00:00,CURRENT
607043,"Nimmo, Brandon",,2026,,,,,,,,,,BASEBALL_SAVANT_CURRENT_SEASON,2026-08-23T06:30:04+00:00,CURRENT
807747,"Nishida, Rikuu",,2026,,,,,,,,,,BASEBALL_SAVANT_CURRENT_SEASON,2026-08-23T06:30:04+00:00,CURRENT
663457,"Nootbaar, Lars",,2026,,,,,,,,,,BASEBALL_SAVANT_CURRENT_SEASON,2026-08-23T06:30:04+00:00,CURRENT
681393,"Norby, Connor",,2026,,,,,,,,,,BASEBALL_SAVANT_CURRENT_SEASON,2026-08-23T06:30:04+00:00,CURRENT
683083,"Nuñez, Nasim",,2026,,,,,,,,,,BASEBALL_SAVANT_CURRENT_SEASON,2026-08-23T06:30:04+00:00,CURRENT
656811,"O'Hearn, Ryan",,2026,,,,,,,,,,BASEBALL_SAVANT_CURRENT_SEASON,2026-08-23T06:30:04+00:00,CURRENT
681351,"O'Hoppe, Logan",,2026,,,,,,,,,,BASEBALL_SAVANT_CURRENT_SEASON,2026-08-23T06:30:04+00:00,CURRENT
641933,"O'Neill, Tyler",,2026,,,,,,,,,,BASEBALL_SAVANT_CURRENT_SEASON,2026-08-23T06:30:04+00:00,CURRENT
660271,"Ohtani, Shohei",,2026,,,,,,,,,,BASEBALL_SAVANT_CURRENT_SEASON,2026-08-23T06:30:04+00:00,CURRENT
672960,"Okamoto, Kazuma",,2026,,,,,,,,,,BASEBALL_SAVANT_CURRENT_SEASON,2026-08-23T06:30:04+00:00,CURRENT
666931,"Oliva, Jared",,2026,,,,,,,,,,BASEBALL_SAVANT_CURRENT_SEASON,2026-08-23T06:30:04+00:00,CURRENT
621566,"Olson, Matt",,2026,,,,,,,,,,BASEBALL_SAVANT_CURRENT_SEASON,2026-08-23T06:30:04+00:00,CURRENT
680716,"Ornelas, Jonathan",,2026,,,,,,,,,,BASEBALL_SAVANT_CURRENT_SEASON,2026-08-23T06:30:04+00:00,CURRENT
694673,"Ortiz, Abimelec",,2026,,,,,,,,,,BASEBALL_SAVANT_CURRENT_SEASON,2026-08-23T06:30:04+00:00,CURRENT
687401,"Ortiz, Joey",,2026,,,,,,,,,,BASEBALL_SAVANT_CURRENT_SEASON,2026-08-23T06:30:04+00:00,CURRENT
696030,"Osuna, Alejandro",,2026,,,,,,,,,,BASEBALL_SAVANT_CURRENT_SEASON,2026-08-23T06:30:04+00:00,CURRENT
681546,"Outman, James",,2026,,,,,,,,,,BASEBALL_SAVANT_CURRENT_SEASON,2026-08-23T06:30:04+00:00,CURRENT
542303,"Ozuna, Marcell",,2026,,,,,,,,,,BASEBALL_SAVANT_CURRENT_SEASON,2026-08-23T06:30:04+00:00,CURRENT
665506,"Pache, Cristian",,2026,,,,,,,,,,BASEBALL_SAVANT_CURRENT_SEASON,2026-08-23T06:30:04+00:00,CURRENT
681624,"Pages, Andy",,2026,,,,,,,,,,BASEBALL_SAVANT_CURRENT_SEASON,2026-08-23T06:30:04+00:00,CURRENT
686780,"Pagés, Pedro",,2026,,,,,,,,,,BASEBALL_SAVANT_CURRENT_SEASON,2026-08-23T06:30:04+00:00,CURRENT
680700,"Palacios, Richie",,2026,,,,,,,,,,BASEBALL_SAVANT_CURRENT_SEASON,2026-08-23T06:30:04+00:00,CURRENT
670623,"Paredes, Isaac",,2026,,,,,,,,,,BASEBALL_SAVANT_CURRENT_SEASON,2026-08-23T06:30:04+00:00,CURRENT
686469,"Pasquantino, Vinnie",,2026,,,,,,,,,,BASEBALL_SAVANT_CURRENT_SEASON,2026-08-23T06:30:04+00:00,CURRENT
688363,"Pauley, Graham",,2026,,,,,,,,,,BASEBALL_SAVANT_CURRENT_SEASON,2026-08-23T06:30:04+00:00,CURRENT
592626,"Pederson, Joc",,2026,,,,,,,,,,BASEBALL_SAVANT_CURRENT_SEASON,2026-08-23T06:30:04+00:00,CURRENT
672724,"Peraza, Oswald",,2026,,,,,,,,,,BASEBALL_SAVANT_CURRENT_SEASON,2026-08-23T06:30:04+00:00,CURRENT
672695,"Perdomo, Geraldo",,2026,,,,,,,,,,BASEBALL_SAVANT_CURRENT_SEASON,2026-08-23T06:30:04+00:00,CURRENT
640902,"Pereda, Jhonny",,2026,,,,,,,,,,BASEBALL_SAVANT_CURRENT_SEASON,2026-08-23T06:30:04+00:00,CURRENT
677592,"Pereira, Everson",,2026,,,,,,,,,,BASEBALL_SAVANT_CURRENT_SEASON,2026-08-23T06:30:04+00:00,CURRENT
678577,"Perez, Junior",,2026,,,,,,,,,,BASEBALL_SAVANT_CURRENT_SEASON,2026-08-23T06:30:04+00:00,CURRENT
521692,"Perez, Salvador",,2026,,,,,,,,,,BASEBALL_SAVANT_CURRENT_SEASON,2026-08-23T06:30:04+00:00,CURRENT
663368,"Perkins, Blake",,2026,,,,,,,,,,BASEBALL_SAVANT_CURRENT_SEASON,2026-08-23T06:30:04+00:00,CURRENT
671976,"Peters, Tristan",,2026,,,,,,,,,,BASEBALL_SAVANT_CURRENT_SEASON,2026-08-23T06:30:04+00:00,CURRENT
665161,"Peña, Jeremy",,2026,,,,,,,,,,BASEBALL_SAVANT_CURRENT_SEASON,2026-08-23T06:30:04+00:00,CURRENT
502054,"Pham, Tommy",,2026,,,,,,,,,,BASEBALL_SAVANT_CURRENT_SEASON,2026-08-23T06:30:04+00:00,CURRENT
687605,"Pinckney, Andrew",,2026,,,,,,,,,,BASEBALL_SAVANT_CURRENT_SEASON,2026-08-23T06:30:04+00:00,CURRENT
700652,"Piper, Kenny",,2026,,,,,,,,,,BASEBALL_SAVANT_CURRENT_SEASON,2026-08-23T06:30:04+00:00,CURRENT
682818,"Piñango, Yohendrick",,2026,,,,,,,,,,BASEBALL_SAVANT_CURRENT_SEASON,2026-08-23T06:30:04+00:00,CURRENT
593871,"Polanco, Jorge",,2026,,,,,,,,,,BASEBALL_SAVANT_CURRENT_SEASON,2026-08-23T06:30:04+00:00,CURRENT
682515,"Porter, Logan",,2026,,,,,,,,,,BASEBALL_SAVANT_CURRENT_SEASON,2026-08-23T06:30:04+00:00,CURRENT
650968,"Pozo, Yohel",,2026,,,,,,,,,,BASEBALL_SAVANT_CURRENT_SEASON,2026-08-23T06:30:04+00:00,CURRENT
806198,"Pratt, Cooper",,2026,,,,,,,,,,BASEBALL_SAVANT_CURRENT_SEASON,2026-08-23T06:30:04+00:00,CURRENT
805672,"Price, Collin",,2026,,,,,,,,,,BASEBALL_SAVANT_CURRENT_SEASON,2026-08-23T06:30:04+00:00,CURRENT
693409,"Prieto, César",,2026,,,,,,,,,,BASEBALL_SAVANT_CURRENT_SEASON,2026-08-23T06:30:04+00:00,CURRENT
672761,"Pérez, Wenceel",,2026,,,,,,,,,,BASEBALL_SAVANT_CURRENT_SEASON,2026-08-23T06:30:04+00:00,CURRENT
700337,"Quero, Edgar",,2026,,,,,,,,,,BASEBALL_SAVANT_CURRENT_SEASON,2026-08-23T06:30:04+00:00,CURRENT
691620,"Quero, Jeferson",,2026,,,,,,,,,,BASEBALL_SAVANT_CURRENT_SEASON,2026-08-23T06:30:04+00:00,CURRENT
678882,"Rafaela, Ceddanne",,2026,,,,,,,,,,BASEBALL_SAVANT_CURRENT_SEASON,2026-08-23T06:30:04+00:00,CURRENT
663728,"Raleigh, Cal",,2026,,,,,,,,,,BASEBALL_SAVANT_CURRENT_SEASON,2026-08-23T06:30:04+00:00,CURRENT
670042,"Raley, Luke",,2026,,,,,,,,,,BASEBALL_SAVANT_CURRENT_SEASON,2026-08-23T06:30:04+00:00,CURRENT
671218,"Ramos, Heliot",,2026,,,,,,,,,,BASEBALL_SAVANT_CURRENT_SEASON,2026-08-23T06:30:04+00:00,CURRENT
682663,"Ramírez, Agustín",,2026,,,,,,,,,,BASEBALL_SAVANT_CURRENT_SEASON,2026-08-23T06:30:04+00:00,CURRENT
608070,"Ramírez, José",,2026,,,,,,,,,,BASEBALL_SAVANT_CURRENT_SEASON,2026-08-23T06:30:04+00:00,CURRENT
699393,"Ramírez, Pedro",,2026,,,,,,,,,,BASEBALL_SAVANT_CURRENT_SEASON,2026-08-23T06:30:04+00:00,CURRENT
670231,"Rave, John",,2026,,,,,,,,,,BASEBALL_SAVANT_CURRENT_SEASON,2026-08-23T06:30:04+00:00,CURRENT
592663,"Realmuto, J.T.",,2026,,,,,,,,,,BASEBALL_SAVANT_CURRENT_SEASON,2026-08-23T06:30:04+00:00,CURRENT
608701,"Refsnyder, Rob",,2026,,,,,,,,,,BASEBALL_SAVANT_CURRENT_SEASON,2026-08-23T06:30:04+00:00,CURRENT
650859,"Rengifo, Luis",,2026,,,,,,,,,,BASEBALL_SAVANT_CURRENT_SEASON,2026-08-23T06:30:04+00:00,CURRENT
694025,"Reyes, Felix",,2026,,,,,,,,,,BASEBALL_SAVANT_CURRENT_SEASON,2026-08-23T06:30:04+00:00,CURRENT
668804,"Reynolds, Bryan",,2026,,,,,,,,,,BASEBALL_SAVANT_CURRENT_SEASON,2026-08-23T06:30:04+00:00,CURRENT
700250,"Rice, Ben",,2026,,,,,,,,,,BASEBALL_SAVANT_CURRENT_SEASON,2026-08-23T06:30:04+00:00,CURRENT
663586,"Riley, Austin",,2026,,,,,,,,,,BASEBALL_SAVANT_CURRENT_SEASON,2026-08-23T06:30:04+00:00,CURRENT
687282,"Rincones Jr., Gabriel",,2026,,,,,,,,,,BASEBALL_SAVANT_CURRENT_SEASON,2026-08-23T06:30:04+00:00,CURRENT
690022,"Ritter, Ryan",,2026,,,,,,,,,,BASEBALL_SAVANT_CURRENT_SEASON,2026-08-23T06:30:04+00:00,CURRENT
660844,"Rivas, Leo",,2026,,,,,,,,,,BASEBALL_SAVANT_CURRENT_SEASON,2026-08-23T06:30:04+00:00,CURRENT
665861,"Rivero, Sebastián",,2026,,,,,,,,,,BASEBALL_SAVANT_CURRENT_SEASON,2026-08-23T06:30:04+00:00,CURRENT
673357,"Robert Jr., Luis",,2026,,,,,,,,,,BASEBALL_SAVANT_CURRENT_SEASON,2026-08-23T06:30:04+00:00,CURRENT
642020,"Robinson, Chuckie",,2026,,,,,,,,,,BASEBALL_SAVANT_CURRENT_SEASON,2026-08-23T06:30:04+00:00,CURRENT
645302,"Robles, Victor",,2026,,,,,,,,,,BASEBALL_SAVANT_CURRENT_SEASON,2026-08-23T06:30:04+00:00,CURRENT
677587,"Rocchio, Brayan",,2026,,,,,,,,,,BASEBALL_SAVANT_CURRENT_SEASON,2026-08-23T06:30:04+00:00,CURRENT
801126,"Rodden, Brock",,2026,,,,,,,,,,BASEBALL_SAVANT_CURRENT_SEASON,2026-08-23T06:30:04+00:00,CURRENT
702176,"Roden, Alan",,2026,,,,,,,,,,BASEBALL_SAVANT_CURRENT_SEASON,2026-08-23T06:30:04+00:00,CURRENT
683679,"Rodriguez, Jesus",,2026,,,,,,,,,,BASEBALL_SAVANT_CURRENT_SEASON,2026-08-23T06:30:04+00:00,CURRENT
682848,"Rodríguez, Endy",,2026,,,,,,,,,,BASEBALL_SAVANT_CURRENT_SEASON,2026-08-23T06:30:04+00:00,CURRENT
699302,"Rodríguez, Héctor",,2026,,,,,,,,,,BASEBALL_SAVANT_CURRENT_SEASON,2026-08-23T06:30:04+00:00,CURRENT
671286,"Rodríguez, Johnathan",,2026,,,,,,,,,,BASEBALL_SAVANT_CURRENT_SEASON,2026-08-23T06:30:04+00:00,CURRENT
677594,"Rodríguez, Julio",,2026,,,,,,,,,,BASEBALL_SAVANT_CURRENT_SEASON,2026-08-23T06:30:04+00:00,CURRENT
668670,"Rogers, Jake",,2026,,,,,,,,,,BASEBALL_SAVANT_CURRENT_SEASON,2026-08-23T06:30:04+00:00,CURRENT
668942,"Rojas, Josh",,2026,,,,,,,,,,BASEBALL_SAVANT_CURRENT_SEASON,2026-08-23T06:30:04+00:00,CURRENT
500743,"Rojas, Miguel",,2026,,,,,,,,,,BASEBALL_SAVANT_CURRENT_SEASON,2026-08-23T06:30:04+00:00,CURRENT
691011,"Romo, Drew",,2026,,,,,,,,,,BASEBALL_SAVANT_CURRENT_SEASON,2026-08-23T06:30:04+00:00,CURRENT
667670,"Rooker, Brent",,2026,,,,,,,,,,BASEBALL_SAVANT_CURRENT_SEASON,2026-08-23T06:30:04+00:00,CURRENT
666163,"Rortvedt, Ben",,2026,,,,,,,,,,BASEBALL_SAVANT_CURRENT_SEASON,2026-08-23T06:30:04+00:00,CURRENT
642708,"Rosario, Amed",,2026,,,,,,,,,,BASEBALL_SAVANT_CURRENT_SEASON,2026-08-23T06:30:04+00:00,CURRENT
676566,"Ross, Shawn",,2026,,,,,,,,,,BASEBALL_SAVANT_CURRENT_SEASON,2026-08-23T06:30:04+00:00,CURRENT
665923,"Ruiz, Esteury",,2026,,,,,,,,,,BASEBALL_SAVANT_CURRENT_SEASON,2026-08-23T06:30:04+00:00,CURRENT
660688,"Ruiz, Keibert",,2026,,,,,,,,,,BASEBALL_SAVANT_CURRENT_SEASON,2026-08-23T06:30:04+00:00,CURRENT
681198,"Rumfield, TJ",,2026,,,,,,,,,,BASEBALL_SAVANT_CURRENT_SEASON,2026-08-23T06:30:04+00:00,CURRENT
687221,"Rushing, Dalton",,2026,,,,,,,,,,BASEBALL_SAVANT_CURRENT_SEASON,2026-08-23T06:30:04+00:00,CURRENT
668939,"Rutschman, Adley",,2026,,,,,,,,,,BASEBALL_SAVANT_CURRENT_SEASON,2026-08-23T06:30:04+00:00,CURRENT
695336,"Saggese, Thomas",,2026,,,,,,,,,,BASEBALL_SAVANT_CURRENT_SEASON,2026-08-23T06:30:04+00:00,CURRENT
663967,"Salazar, César",,2026,,,,,,,,,,BASEBALL_SAVANT_CURRENT_SEASON,2026-08-23T06:30:04+00:00,CURRENT
691594,"Sanoja, Javier",,2026,,,,,,,,,,BASEBALL_SAVANT_CURRENT_SEASON,2026-08-23T06:30:04+00:00,CURRENT
467793,"Santana, Carlos",,2026,,,,,,,,,,BASEBALL_SAVANT_CURRENT_SEASON,2026-08-23T06:30:04+00:00,CURRENT
694384,"Schanuel, Nolan",,2026,,,,,,,,,,BASEBALL_SAVANT_CURRENT_SEASON,2026-08-23T06:30:04+00:00,CURRENT
669477,"Schmitt, Casey",,2026,,,,,,,,,,BASEBALL_SAVANT_CURRENT_SEASON,2026-08-23T06:30:04+00:00,CURRENT
682177,"Schneemann, Daniel",,2026,,,,,,,,,,BASEBALL_SAVANT_CURRENT_SEASON,2026-08-23T06:30:04+00:00,CURRENT
676914,"Schneider, Davis",,2026,,,,,,,,,,BASEBALL_SAVANT_CURRENT_SEASON,2026-08-23T06:30:04+00:00,CURRENT
680474,"Schuemann, Max",,2026,,,,,,,,,,BASEBALL_SAVANT_CURRENT_SEASON,2026-08-23T06:30:04+00:00,CURRENT
656941,"Schwarber, Kyle",,2026,,,,,,,,,,BASEBALL_SAVANT_CURRENT_SEASON,2026-08-23T06:30:04+00:00,CURRENT
687363,"Scott II, Victor",,2026,,,,,,,,,,BASEBALL_SAVANT_CURRENT_SEASON,2026-08-23T06:30:04+00:00,CURRENT
608369,"Seager, Corey",,2026,,,,,,,,,,BASEBALL_SAVANT_CURRENT_SEASON,2026-08-23T06:30:04+00:00,CURRENT
678011,"Seigler, Anthony",,2026,,,,,,,,,,BASEBALL_SAVANT_CURRENT_SEASON,2026-08-23T06:30:04+00:00,CURRENT
543760,"Semien, Marcus",,2026,,,,,,,,,,BASEBALL_SAVANT_CURRENT_SEASON,2026-08-23T06:30:04+00:00,CURRENT
663584,"Senger, Hayden",,2026,,,,,,,,,,BASEBALL_SAVANT_CURRENT_SEASON,2026-08-23T06:30:04+00:00,CURRENT
661531,"Serven, Brian",,2026,,,,,,,,,,BASEBALL_SAVANT_CURRENT_SEASON,2026-08-23T06:30:04+00:00,CURRENT
807713,"Shaw, Matt",,2026,,,,,,,,,,BASEBALL_SAVANT_CURRENT_SEASON,2026-08-23T06:30:04+00:00,CURRENT
657757,"Sheets, Gavin",,2026,,,,,,,,,,BASEBALL_SAVANT_CURRENT_SEASON,2026-08-23T06:30:04+00:00,CURRENT
669699,"Shewmake, Braden",,2026,,,,,,,,,,BASEBALL_SAVANT_CURRENT_SEASON,2026-08-23T06:30:04+00:00,CURRENT
670097,"Short, Zack",,2026,,,,,,,,,,BASEBALL_SAVANT_CURRENT_SEASON,2026-08-23T06:30:04+00:00,CURRENT
672279,"Siani, Michael",,2026,,,,,,,,,,BASEBALL_SAVANT_CURRENT_SEASON,2026-08-23T06:30:04+00:00,CURRENT
682927,"Simon, Ronny",,2026,,,,,,,,,,BASEBALL_SAVANT_CURRENT_SEASON,2026-08-23T06:30:04+00:00,CURRENT
802415,"Simpson, Chandler",,2026,,,,,,,,,,BASEBALL_SAVANT_CURRENT_SEASON,2026-08-23T06:30:04+00:00,CURRENT
642350,"Siri, Jose",,2026,,,,,,,,,,BASEBALL_SAVANT_CURRENT_SEASON,2026-08-23T06:30:04+00:00,CURRENT
596103,"Slater, Austin",,2026,,,,,,,,,,BASEBALL_SAVANT_CURRENT_SEASON,2026-08-23T06:30:04+00:00,CURRENT
701358,"Smith, Cam",,2026,,,,,,,,,,BASEBALL_SAVANT_CURRENT_SEASON,2026-08-23T06:30:04+00:00,CURRENT
642086,"Smith, Dominic",,2026,,,,,,,,,,BASEBALL_SAVANT_CURRENT_SEASON,2026-08-23T06:30:04+00:00,CURRENT
669701,"Smith, Josh",,2026,,,,,,,,,,BASEBALL_SAVANT_CURRENT_SEASON,2026-08-23T06:30:04+00:00,CURRENT
656976,"Smith, Pavin",,2026,,,,,,,,,,BASEBALL_SAVANT_CURRENT_SEASON,2026-08-23T06:30:04+00:00,CURRENT
669257,"Smith, Will",,2026,,,,,,,,,,BASEBALL_SAVANT_CURRENT_SEASON,2026-08-23T06:30:04+00:00,CURRENT
691016,"Soderstrom, Tyler",,2026,,,,,,,,,,BASEBALL_SAVANT_CURRENT_SEASON,2026-08-23T06:30:04+00:00,CURRENT
686765,"Sogard, Nick",,2026,,,,,,,,,,BASEBALL_SAVANT_CURRENT_SEASON,2026-08-23T06:30:04+00:00,CURRENT
669256,"Solak, Nick",,2026,,,,,,,,,,BASEBALL_SAVANT_CURRENT_SEASON,2026-08-23T06:30:04+00:00,CURRENT
624585,"Soler, Jorge",,2026,,,,,,,,,,BASEBALL_SAVANT_CURRENT_SEASON,2026-08-23T06:30:04+00:00,CURRENT
823550,"Song, Sung-Mun",,2026,,,,,,,,,,BASEBALL_SAVANT_CURRENT_SEASON,2026-08-23T06:30:04+00:00,CURRENT
624641,"Sosa, Edmundo",,2026,,,,,,,,,,BASEBALL_SAVANT_CURRENT_SEASON,2026-08-23T06:30:04+00:00,CURRENT
672820,"Sosa, Lenyn",,2026,,,,,,,,,,BASEBALL_SAVANT_CURRENT_SEASON,2026-08-23T06:30:04+00:00,CURRENT
665742,"Soto, Juan",,2026,,,,,,,,,,BASEBALL_SAVANT_CURRENT_SEASON,2026-08-23T06:30:04+00:00,CURRENT
828599,"Spence, Lucas",,2026,,,,,,,,,,BASEBALL_SAVANT_CURRENT_SEASON,2026-08-23T06:30:04+00:00,CURRENT
543807,"Springer, George",,2026,,,,,,,,,,BASEBALL_SAVANT_CURRENT_SEASON,2026-08-23T06:30:04+00:00,CURRENT
519317,"Stanton, Giancarlo",,2026,,,,,,,,,,BASEBALL_SAVANT_CURRENT_SEASON,2026-08-23T06:30:04+00:00,CURRENT
668715,"Steer, Spencer",,2026,,,,,,,,,,BASEBALL_SAVANT_CURRENT_SEASON,2026-08-23T06:30:04+00:00,CURRENT
683021,"Stefanic, Michael",,2026,,,,,,,,,,BASEBALL_SAVANT_CURRENT_SEASON,2026-08-23T06:30:04+00:00,CURRENT
663886,"Stephenson, Tyler",,2026,,,,,,,,,,BASEBALL_SAVANT_CURRENT_SEASON,2026-08-23T06:30:04+00:00,CURRENT
677060,"Stevens, Chad",,2026,,,,,,,,,,BASEBALL_SAVANT_CURRENT_SEASON,2026-08-23T06:30:04+00:00,CURRENT
701398,"Stewart, Sal",,2026,,,,,,,,,,BASEBALL_SAVANT_CURRENT_SEASON,2026-08-23T06:30:04+00:00,CURRENT
596115,"Story, Trevor",,2026,,,,,,,,,,BASEBALL_SAVANT_CURRENT_SEASON,2026-08-23T06:30:04+00:00,CURRENT
681082,"Stott, Bryson",,2026,,,,,,,,,,BASEBALL_SAVANT_CURRENT_SEASON,2026-08-23T06:30:04+00:00,CURRENT
669065,"Stowers, Kyle",,2026,,,,,,,,,,BASEBALL_SAVANT_CURRENT_SEASON,2026-08-23T06:30:04+00:00,CURRENT
664702,"Straw, Myles",,2026,,,,,,,,,,BASEBALL_SAVANT_CURRENT_SEASON,2026-08-23T06:30:04+00:00,CURRENT
596117,"Stubbs, Garrett",,2026,,,,,,,,,,BASEBALL_SAVANT_CURRENT_SEASON,2026-08-23T06:30:04+00:00,CURRENT
664954,"Sullivan, Brett",,2026,,,,,,,,,,BASEBALL_SAVANT_CURRENT_SEASON,2026-08-23T06:30:04+00:00,CURRENT
691740,"Susac, Daniel",,2026,,,,,,,,,,BASEBALL_SAVANT_CURRENT_SEASON,2026-08-23T06:30:04+00:00,CURRENT
673548,"Suzuki, Seiya",,2026,,,,,,,,,,BASEBALL_SAVANT_CURRENT_SEASON,2026-08-23T06:30:04+00:00,CURRENT
553993,"Suárez, Eugenio",,2026,,,,,,,,,,BASEBALL_SAVANT_CURRENT_SEASON,2026-08-23T06:30:04+00:00,CURRENT
621020,"Swanson, Dansby",,2026,,,,,,,,,,BASEBALL_SAVANT_CURRENT_SEASON,2026-08-23T06:30:04+00:00,CURRENT
645305,"Sánchez, Ali",,2026,,,,,,,,,,BASEBALL_SAVANT_CURRENT_SEASON,2026-08-23T06:30:04+00:00,CURRENT
596142,"Sánchez, Gary",,2026,,,,,,,,,,BASEBALL_SAVANT_CURRENT_SEASON,2026-08-23T06:30:04+00:00,CURRENT
660821,"Sánchez, Jesús",,2026,,,,,,,,,,BASEBALL_SAVANT_CURRENT_SEASON,2026-08-23T06:30:04+00:00,CURRENT
665487,"Tatis Jr., Fernando",,2026,,,,,,,,,,BASEBALL_SAVANT_CURRENT_SEASON,2026-08-23T06:30:04+00:00,CURRENT
665750,"Taveras, Leody",,2026,,,,,,,,,,BASEBALL_SAVANT_CURRENT_SEASON,2026-08-23T06:30:04+00:00,CURRENT
694374,"Tawa, Tim",,2026,,,,,,,,,,BASEBALL_SAVANT_CURRENT_SEASON,2026-08-23T06:30:04+00:00,CURRENT
669392,"Taylor, Samad",,2026,,,,,,,,,,BASEBALL_SAVANT_CURRENT_SEASON,2026-08-23T06:30:04+00:00,CURRENT
621438,"Taylor, Tyrone",,2026,,,,,,,,,,BASEBALL_SAVANT_CURRENT_SEASON,2026-08-23T06:30:04+00:00,CURRENT
691019,"Teel, Kyle",,2026,,,,,,,,,,BASEBALL_SAVANT_CURRENT_SEASON,2026-08-23T06:30:04+00:00,CURRENT
642133,"Tellez, Rowdy",,2026,,,,,,,,,,BASEBALL_SAVANT_CURRENT_SEASON,2026-08-23T06:30:04+00:00,CURRENT
677588,"Tena, José",,2026,,,,,,,,,,BASEBALL_SAVANT_CURRENT_SEASON,2026-08-23T06:30:04+00:00,CURRENT
669326,"Teodosio, Bryce",,2026,,,,,,,,,,BASEBALL_SAVANT_CURRENT_SEASON,2026-08-23T06:30:04+00:00,CURRENT
677950,"Thomas, Alek",,2026,,,,,,,,,,BASEBALL_SAVANT_CURRENT_SEASON,2026-08-23T06:30:04+00:00,CURRENT
687515,"Thomas, Colby",,2026,,,,,,,,,,BASEBALL_SAVANT_CURRENT_SEASON,2026-08-23T06:30:04+00:00,CURRENT
657041,"Thomas, Lane",,2026,,,,,,,,,,BASEBALL_SAVANT_CURRENT_SEASON,2026-08-23T06:30:04+00:00,CURRENT
694514,"Thompson, Sterlin",,2026,,,,,,,,,,BASEBALL_SAVANT_CURRENT_SEASON,2026-08-23T06:30:04+00:00,CURRENT
669911,"Toglia, Michael",,2026,,,,,,,,,,BASEBALL_SAVANT_CURRENT_SEASON,2026-08-23T06:30:04+00:00,CURRENT
686475,"Tolbert, Tyler",,2026,,,,,,,,,,BASEBALL_SAVANT_CURRENT_SEASON,2026-08-23T06:30:04+00:00,CURRENT
679529,"Torkelson, Spencer",,2026,,,,,,,,,,BASEBALL_SAVANT_CURRENT_SEASON,2026-08-23T06:30:04+00:00,CURRENT
620443,"Torrens, Luis",,2026,,,,,,,,,,BASEBALL_SAVANT_CURRENT_SEASON,2026-08-23T06:30:04+00:00,CURRENT
663494,"Torres, Bryan",,2026,,,,,,,,,,BASEBALL_SAVANT_CURRENT_SEASON,2026-08-23T06:30:04+00:00,CURRENT
650402,"Torres, Gleyber",,2026,,,,,,,,,,BASEBALL_SAVANT_CURRENT_SEASON,2026-08-23T06:30:04+00:00,CURRENT
678662,"Tovar, Ezequiel",,2026,,,,,,,,,,BASEBALL_SAVANT_CURRENT_SEASON,2026-08-23T06:30:04+00:00,CURRENT
666211,"Trammell, Taylor",,2026,,,,,,,,,,BASEBALL_SAVANT_CURRENT_SEASON,2026-08-23T06:30:04+00:00,CURRENT
624431,"Trevino, Jose",,2026,,,,,,,,,,BASEBALL_SAVANT_CURRENT_SEASON,2026-08-23T06:30:04+00:00,CURRENT
701649,"Triantos, James",,2026,,,,,,,,,,BASEBALL_SAVANT_CURRENT_SEASON,2026-08-23T06:30:04+00:00,CURRENT
669707,"Triolo, Jared",,2026,,,,,,,,,,BASEBALL_SAVANT_CURRENT_SEASON,2026-08-23T06:30:04+00:00,CURRENT
644433,"Tromp, Chadwick",,2026,,,,,,,,,,BASEBALL_SAVANT_CURRENT_SEASON,2026-08-23T06:30:04+00:00,CURRENT
545361,"Trout, Mike",,2026,,,,,,,,,,BASEBALL_SAVANT_CURRENT_SEASON,2026-08-23T06:30:04+00:00,CURRENT
694371,"Troy, Tommy",,2026,,,,,,,,,,BASEBALL_SAVANT_CURRENT_SEASON,2026-08-23T06:30:04+00:00,CURRENT
663656,"Tucker, Kyle",,2026,,,,,,,,,,BASEBALL_SAVANT_CURRENT_SEASON,2026-08-23T06:30:04+00:00,CURRENT
668930,"Turang, Brice",,2026,,,,,,,,,,BASEBALL_SAVANT_CURRENT_SEASON,2026-08-23T06:30:04+00:00,CURRENT
607208,"Turner, Trea",,2026,,,,,,,,,,BASEBALL_SAVANT_CURRENT_SEASON,2026-08-23T06:30:04+00:00,CURRENT
649966,"Urías, Luis",,2026,,,,,,,,,,BASEBALL_SAVANT_CURRENT_SEASON,2026-08-23T06:30:04+00:00,CURRENT
602104,"Urías, Ramón",,2026,,,,,,,,,,BASEBALL_SAVANT_CURRENT_SEASON,2026-08-23T06:30:04+00:00,CURRENT
699013,"Valdez, Esmerlyn",,2026,,,,,,,,,,BASEBALL_SAVANT_CURRENT_SEASON,2026-08-23T06:30:04+00:00,CURRENT
680664,"Valencia, Eduardo",,2026,,,,,,,,,,BASEBALL_SAVANT_CURRENT_SEASON,2026-08-23T06:30:04+00:00,CURRENT
678218,"Valenzuela, Brandon",,2026,,,,,,,,,,BASEBALL_SAVANT_CURRENT_SEASON,2026-08-23T06:30:04+00:00,CURRENT
671655,"Valera, George",,2026,,,,,,,,,,BASEBALL_SAVANT_CURRENT_SEASON,2026-08-23T06:30:04+00:00,CURRENT
545121,"Vargas, Ildemaro",,2026,,,,,,,,,,BASEBALL_SAVANT_CURRENT_SEASON,2026-08-23T06:30:04+00:00,CURRENT
678246,"Vargas, Miguel",,2026,,,,,,,,,,BASEBALL_SAVANT_CURRENT_SEASON,2026-08-23T06:30:04+00:00,CURRENT
662139,"Varsho, Daulton",,2026,,,,,,,,,,BASEBALL_SAVANT_CURRENT_SEASON,2026-08-23T06:30:04+00:00,CURRENT
683734,"Vaughn, Andrew",,2026,,,,,,,,,,BASEBALL_SAVANT_CURRENT_SEASON,2026-08-23T06:30:04+00:00,CURRENT
691728,"Veen, Zac",,2026,,,,,,,,,,BASEBALL_SAVANT_CURRENT_SEASON,2026-08-23T06:30:04+00:00,CURRENT
623205,"Velazquez, Andrew",,2026,,,,,,,,,,BASEBALL_SAVANT_CURRENT_SEASON,2026-08-23T06:30:04+00:00,CURRENT
676369,"Velázquez, Nelson",,2026,,,,,,,,,,BASEBALL_SAVANT_CURRENT_SEASON,2026-08-23T06:30:04+00:00,CURRENT
668901,"Vientos, Mark",,2026,,,,,,,,,,BASEBALL_SAVANT_CURRENT_SEASON,2026-08-23T06:30:04+00:00,CURRENT
663837,"Vierling, Matt",,2026,,,,,,,,,,BASEBALL_SAVANT_CURRENT_SEASON,2026-08-23T06:30:04+00:00,CURRENT
668723,"Vilade, Ryan",,2026,,,,,,,,,,BASEBALL_SAVANT_CURRENT_SEASON,2026-08-23T06:30:04+00:00,CURRENT
678391,"Vivas, Jorbit",,2026,,,,,,,,,,BASEBALL_SAVANT_CURRENT_SEASON,2026-08-23T06:30:04+00:00,CURRENT
683011,"Volpe, Anthony",,2026,,,,,,,,,,BASEBALL_SAVANT_CURRENT_SEASON,2026-08-23T06:30:04+00:00,CURRENT
681190,"Vásquez, Randy",,2026,,,,,,,,,,BASEBALL_SAVANT_CURRENT_SEASON,2026-08-23T06:30:04+00:00,CURRENT
543877,"Vázquez, Christian",,2026,,,,,,,,,,BASEBALL_SAVANT_CURRENT_SEASON,2026-08-23T06:30:04+00:00,CURRENT
664774,"Wade Jr., LaMonte",,2026,,,,,,,,,,BASEBALL_SAVANT_CURRENT_SEASON,2026-08-23T06:30:04+00:00,CURRENT
676572,"Wagaman, Eric",,2026,,,,,,,,,,BASEBALL_SAVANT_CURRENT_SEASON,2026-08-23T06:30:04+00:00,CURRENT
695238,"Wagner, Will",,2026,,,,,,,,,,BASEBALL_SAVANT_CURRENT_SEASON,2026-08-23T06:30:04+00:00,CURRENT
814439,"Waldschmidt, Ryan",,2026,,,,,,,,,,BASEBALL_SAVANT_CURRENT_SEASON,2026-08-23T06:30:04+00:00,CURRENT
572233,"Walker, Christian",,2026,,,,,,,,,,BASEBALL_SAVANT_CURRENT_SEASON,2026-08-23T06:30:04+00:00,CURRENT
691023,"Walker, Jordan",,2026,,,,,,,,,,BASEBALL_SAVANT_CURRENT_SEASON,2026-08-23T06:30:04+00:00,CURRENT
670242,"Wallner, Matt",,2026,,,,,,,,,,BASEBALL_SAVANT_CURRENT_SEASON,2026-08-23T06:30:04+00:00,CURRENT
670764,"Walls, Taylor",,2026,,,,,,,,,,BASEBALL_SAVANT_CURRENT_SEASON,2026-08-23T06:30:04+00:00,CURRENT
622268,"Walton, Donovan",,2026,,,,,,,,,,BASEBALL_SAVANT_CURRENT_SEASON,2026-08-23T06:30:04+00:00,CURRENT
669899,"Ward, Ryan",,2026,,,,,,,,,,BASEBALL_SAVANT_CURRENT_SEASON,2026-08-23T06:30:04+00:00,CURRENT
621493,"Ward, Taylor",,2026,,,,,,,,,,BASEBALL_SAVANT_CURRENT_SEASON,2026-08-23T06:30:04+00:00,CURRENT
696135,"Watson, Kahlil",,2026,,,,,,,,,,BASEBALL_SAVANT_CURRENT_SEASON,2026-08-23T06:30:04+00:00,CURRENT
669224,"Wells, Austin",,2026,,,,,,,,,,BASEBALL_SAVANT_CURRENT_SEASON,2026-08-23T06:30:04+00:00,CURRENT
673995,"Wendzel, Davis",,2026,,,,,,,,,,BASEBALL_SAVANT_CURRENT_SEASON,2026-08-23T06:30:04+00:00,CURRENT
802139,"Wetherholt, JJ",,2026,,,,,,,,,,BASEBALL_SAVANT_CURRENT_SEASON,2026-08-23T06:30:04+00:00,CURRENT
694376,"Whitcomb, Shay",,2026,,,,,,,,,,BASEBALL_SAVANT_CURRENT_SEASON,2026-08-23T06:30:04+00:00,CURRENT
642201,"White, Eli",,2026,,,,,,,,,,BASEBALL_SAVANT_CURRENT_SEASON,2026-08-23T06:30:04+00:00,CURRENT
695720,"White, Tommy",,2026,,,,,,,,,,BASEBALL_SAVANT_CURRENT_SEASON,2026-08-23T06:30:04+00:00,CURRENT
686894,"Wiemer, Joey",,2026,,,,,,,,,,BASEBALL_SAVANT_CURRENT_SEASON,2026-08-23T06:30:04+00:00,CURRENT
675961,"Williams, Alika",,2026,,,,,,,,,,BASEBALL_SAVANT_CURRENT_SEASON,2026-08-23T06:30:04+00:00,CURRENT
700246,"Williams, Carson",,2026,,,,,,,,,,BASEBALL_SAVANT_CURRENT_SEASON,2026-08-23T06:30:04+00:00,CURRENT
663897,"Williams, Luke",,2026,,,,,,,,,,BASEBALL_SAVANT_CURRENT_SEASON,2026-08-23T06:30:04+00:00,CURRENT
810938,"Williamson, Ben",,2026,,,,,,,,,,BASEBALL_SAVANT_CURRENT_SEASON,2026-08-23T06:30:04+00:00,CURRENT
805779,"Wilson, Jacob",,2026,,,,,,,,,,BASEBALL_SAVANT_CURRENT_SEASON,2026-08-23T06:30:04+00:00,CURRENT
642215,"Wilson, Weston",,2026,,,,,,,,,,BASEBALL_SAVANT_CURRENT_SEASON,2026-08-23T06:30:04+00:00,CURRENT
669717,"Wilson, Will",,2026,,,,,,,,,,BASEBALL_SAVANT_CURRENT_SEASON,2026-08-23T06:30:04+00:00,CURRENT
691026,"Winn, Masyn",,2026,,,,,,,,,,BASEBALL_SAVANT_CURRENT_SEASON,2026-08-23T06:30:04+00:00,CURRENT
621550,"Wisdom, Patrick",,2026,,,,,,,,,,BASEBALL_SAVANT_CURRENT_SEASON,2026-08-23T06:30:04+00:00,CURRENT
677951,"Witt Jr., Bobby",,2026,,,,,,,,,,BASEBALL_SAVANT_CURRENT_SEASON,2026-08-23T06:30:04+00:00,CURRENT
657136,"Wong, Connor",,2026,,,,,,,,,,BASEBALL_SAVANT_CURRENT_SEASON,2026-08-23T06:30:04+00:00,CURRENT
695578,"Wood, James",,2026,,,,,,,,,,BASEBALL_SAVANT_CURRENT_SEASON,2026-08-23T06:30:04+00:00,CURRENT
669398,"Workman, Gage",,2026,,,,,,,,,,BASEBALL_SAVANT_CURRENT_SEASON,2026-08-23T06:30:04+00:00,CURRENT
642851,"Wynns, Austin",,2026,,,,,,,,,,BASEBALL_SAVANT_CURRENT_SEASON,2026-08-23T06:30:04+00:00,CURRENT
573262,"Yastrzemski, Mike",,2026,,,,,,,,,,BASEBALL_SAVANT_CURRENT_SEASON,2026-08-23T06:30:04+00:00,CURRENT
592885,"Yelich, Christian",,2026,,,,,,,,,,BASEBALL_SAVANT_CURRENT_SEASON,2026-08-23T06:30:04+00:00,CURRENT
694377,"Yorke, Nick",,2026,,,,,,,,,,BASEBALL_SAVANT_CURRENT_SEASON,2026-08-23T06:30:04+00:00,CURRENT
807799,"Yoshida, Masataka",,2026,,,,,,,,,,BASEBALL_SAVANT_CURRENT_SEASON,2026-08-23T06:30:04+00:00,CURRENT
702284,"Young, Cole",,2026,,,,,,,,,,BASEBALL_SAVANT_CURRENT_SEASON,2026-08-23T06:30:04+00:00,CURRENT
696285,"Young, Jacob",,2026,,,,,,,,,,BASEBALL_SAVANT_CURRENT_SEASON,2026-08-23T06:30:04+00:00,CURRENT
676724,"Young, Jared",,2026,,,,,,,,,,BASEBALL_SAVANT_CURRENT_SEASON,2026-08-23T06:30:04+00:00,CURRENT
518595,"d'Arnaud, Travis",,2026,,,,,,,,,,BASEBALL_SAVANT_CURRENT_SEASON,2026-08-23T06:30:04+00:00,CURRENT
